[INFO] (2026/04/24 02:35:29 PM) [WELCOME] Initialize...
[INFO] (2026/04/24 02:35:29 PM) 
    _______ _______ ______  _______  ______ _______ _______ _______ ______ 
    |______ |______ |     \ |______ |_____/ |_____|    |    |______ |     \
    |       |_______|_____/_|_______|__ _\_ |_ ___|_ __|  _ |______ |_____/
        |      |______ |_____| |_____/ | \  |   |   | \  | |  ____        
        |_____ |______ |     | |    \_ |  \_| __|__ |  \_| |_____|        
                                                                    
                        Originally by. vaseline555 (Adam) 
                        Modified to MM by. imGuangyu (Guangyu)
    
[INFO] (2026/04/24 02:35:30 PM) [SEED] ...seed is set: 1!
[INFO] (2026/04/24 02:35:31 PM) [LOAD] Fetch dataset!
[INFO] (2026/04/24 02:35:31 PM) [LOAD] [CIFAR100] Fetching dataset!
[INFO] (2026/04/24 02:35:32 PM) [LOAD] [CIFAR100] ...fetched dataset!
[INFO] (2026/04/24 02:35:32 PM) [LOAD] ...successfully fetched dataset!
[INFO] (2026/04/24 02:35:32 PM) [SIMULATE] Simulate dataset split (split scenario: `DIRI`)!
[INFO] (2026/04/24 02:35:32 PM) [SIMULATE] ...done simulating dataset split (split scenario: `DIRI`)!
[INFO] (2026/04/24 02:35:32 PM) [SIMULATE] Create client datasets!
[INFO] (2026/04/24 02:35:32 PM) [SIMULATE] ...creating client datasets... 100% |████████████████████| [12    /12]
[INFO] (2026/04/24 02:35:32 PM) [SIMULATE] ...successfully created client datasets!
[INFO] (2026/04/24 02:35:32 PM) [LOAD] Fetch dataset!
[INFO] (2026/04/24 02:35:32 PM) [LOAD] [AG_NEWS] Start downloading files!
[INFO] (2026/04/24 02:35:32 PM) [LOAD] [AG_NEWS] ...downloaded files!
[INFO] (2026/04/24 02:35:32 PM) [LOAD] [AG_NEWS] Extract archived files!
[INFO] (2026/04/24 02:35:33 PM) [LOAD] [AG_NEWS] ...successfully extracted archived files!
[INFO] (2026/04/24 02:35:33 PM) [LOAD] [AG_NEWS] Create trainig & test set!
[INFO] (2026/04/24 02:35:33 PM) [LOAD] ...successfully fetched dataset!
[INFO] (2026/04/24 02:35:33 PM) [SIMULATE] Simulate dataset split (split scenario: `DIRI`)!
[INFO] (2026/04/24 02:35:33 PM) [SIMULATE] ...done simulating dataset split (split scenario: `DIRI`)!
[INFO] (2026/04/24 02:35:33 PM) [SIMULATE] Create client datasets!
[INFO] (2026/04/24 02:35:33 PM) [SIMULATE] ...creating client datasets... 100% |████████████████████| [12    /12]
[INFO] (2026/04/24 02:35:33 PM) [SIMULATE] ...successfully created client datasets!
[INFO] (2026/04/24 02:35:33 PM) [LOAD] Fetch dataset!
[INFO] (2026/04/24 02:35:33 PM) [LOAD] [FLICKR] Fetching dataset!
[INFO] (2026/04/24 02:35:33 PM) [LOAD] [FLICKR] ...fetched dataset!
[INFO] (2026/04/24 02:35:33 PM) [LOAD] ...successfully fetched dataset!
[INFO] (2026/04/24 02:35:33 PM) [SIMULATE] Simulate dataset split (split scenario: `DIRI`)!
[INFO] (2026/04/24 02:35:33 PM) [SIMULATE] ...done simulating dataset split (split scenario: `DIRI`)!
[INFO] (2026/04/24 02:35:33 PM) [SIMULATE] Create client datasets!
[INFO] (2026/04/24 02:35:33 PM) [SIMULATE] ...creating client datasets... 100% |████████████████████| [8     /8]
[INFO] (2026/04/24 02:35:33 PM) [SIMULATE] ...successfully created client datasets!
[INFO] (2026/04/24 02:35:33 PM) [FedIF] Loading golden set from: ./data/coco/fedif_golden_set_v0.json
[INFO] (2026/04/24 02:35:33 PM) [FedIF] Loading golden set from: ./data/coco/fedif_golden_set_v1.json
[INFO] (2026/04/24 02:35:33 PM) [FedIF] Loading golden set from: ./data/coco/fedif_golden_set_v2.json
[INFO] (2026/04/24 02:35:33 PM) [FedIF] Loading golden set from: ./data/coco/fedif_golden_set_v3.json
[INFO] (2026/04/24 02:35:33 PM) [FedIF] Loading golden set from: ./data/coco/fedif_golden_set_v4.json
[INFO] (2026/04/24 02:35:34 PM) [LOAD] Fetch dataset!
[INFO] (2026/04/24 02:35:34 PM) [LOAD] [COCO] Fetching dataset!
[INFO] (2026/04/24 02:35:35 PM) [LOAD] [COCO] ...fetched dataset!
[INFO] (2026/04/24 02:35:35 PM) [LOAD] ...successfully fetched dataset!
[INFO] (2026/04/24 02:35:35 PM) [CONFIG] List up configurations...
[INFO] (2026/04/24 02:35:35 PM) [CONFIG] - GOAL: None
[INFO] (2026/04/24 02:35:35 PM) [CONFIG] - EXP_NAME: FedIF_lyap_V10
[INFO] (2026/04/24 02:35:35 PM) [CONFIG] - SEED: 1
[INFO] (2026/04/24 02:35:35 PM) [CONFIG] - SERVER_DEVICE: cuda:0
[INFO] (2026/04/24 02:35:35 PM) [CONFIG] - DATA_PATH: data/coco
[INFO] (2026/04/24 02:35:35 PM) [CONFIG] - MODALITY: img+txt
[INFO] (2026/04/24 02:35:35 PM) [CONFIG] - LOG_PATH: ./log
[INFO] (2026/04/24 02:35:35 PM) [CONFIG] - RESULT_PATH: ./result/FedIF_lyap_V10_260424_143529
[INFO] (2026/04/24 02:35:35 PM) [CONFIG] - USE_TB: False
[INFO] (2026/04/24 02:35:35 PM) [CONFIG] - TB_PORT: 6006
[INFO] (2026/04/24 02:35:35 PM) [CONFIG] - TB_HOST: 0.0.0.0
[INFO] (2026/04/24 02:35:35 PM) [CONFIG] - DISTRIBUTED: False
[INFO] (2026/04/24 02:35:35 PM) [CONFIG] - MM_DISTRIBUTED: False
[INFO] (2026/04/24 02:35:35 PM) [CONFIG] - MP: False
[INFO] (2026/04/24 02:35:35 PM) [CONFIG] - DATASET: Coco
[INFO] (2026/04/24 02:35:35 PM) [CONFIG] - TEST_SIZE: -1.0
[INFO] (2026/04/24 02:35:35 PM) [CONFIG] - RAWSMPL: 1.0
[INFO] (2026/04/24 02:35:35 PM) [CONFIG] - RESIZE: 224
[INFO] (2026/04/24 02:35:35 PM) [CONFIG] - CROP: None
[INFO] (2026/04/24 02:35:35 PM) [CONFIG] - IMNORM: True
[INFO] (2026/04/24 02:35:35 PM) [CONFIG] - RANDROT: None
[INFO] (2026/04/24 02:35:35 PM) [CONFIG] - RANDHF: None
[INFO] (2026/04/24 02:35:35 PM) [CONFIG] - RANDVF: None
[INFO] (2026/04/24 02:35:35 PM) [CONFIG] - RANDJIT: None
[INFO] (2026/04/24 02:35:35 PM) [CONFIG] - SPLIT_TYPE: diri
[INFO] (2026/04/24 02:35:35 PM) [CONFIG] - MINCLS: 2
[INFO] (2026/04/24 02:35:35 PM) [CONFIG] - CNCNTRTN: 0.1
[INFO] (2026/04/24 02:35:35 PM) [CONFIG] - MULTI_TASK: True
[INFO] (2026/04/24 02:35:35 PM) [CONFIG] - DEBUG: False
[INFO] (2026/04/24 02:35:35 PM) [CONFIG] - PRETRAINED: True
[INFO] (2026/04/24 02:35:35 PM) [CONFIG] - DATASETS: ['CIFAR100', 'AG_NEWS', 'Flickr30k', 'Coco']
[INFO] (2026/04/24 02:35:35 PM) [CONFIG] - DATA_PATHS: ['data/cifar100', 'data/agnews', 'data/flickr30k', 'data/coco']
[INFO] (2026/04/24 02:35:35 PM) [CONFIG] - MODALITIES: ['img', 'txt', 'img+txt', 'img+txt']
[INFO] (2026/04/24 02:35:35 PM) [CONFIG] - KS: [12, 12, 8]
[INFO] (2026/04/24 02:35:35 PM) [CONFIG] - CS: [0.25]
[INFO] (2026/04/24 02:35:35 PM) [CONFIG] - SHARED_PARAM: attn
[INFO] (2026/04/24 02:35:35 PM) [CONFIG] - SHARE_SCOPE: modality
[INFO] (2026/04/24 02:35:35 PM) [CONFIG] - COLEARN_PARAM: none
[INFO] (2026/04/24 02:35:35 PM) [CONFIG] - COMPENSATION: True
[INFO] (2026/04/24 02:35:35 PM) [CONFIG] - REDUCE_SAMPLES: 50000
[INFO] (2026/04/24 02:35:35 PM) [CONFIG] - REDUCE_TEST_SAMPLES: -1
[INFO] (2026/04/24 02:35:35 PM) [CONFIG] - REDUCE_SAMPLES_SEG_SCALE: -1
[INFO] (2026/04/24 02:35:35 PM) [CONFIG] - REDUCE_SAMPLES_CLS_SCALE: -1
[INFO] (2026/04/24 02:35:35 PM) [CONFIG] - NUM_THREAD: 2
[INFO] (2026/04/24 02:35:35 PM) [CONFIG] - NUM_TRANSFORMER_LAYERS: 12
[INFO] (2026/04/24 02:35:35 PM) [CONFIG] - EQUAL_SAMPLED: True
[INFO] (2026/04/24 02:35:35 PM) [CONFIG] - WARMUP_MODALITY: none
[INFO] (2026/04/24 02:35:35 PM) [CONFIG] - WARMUP_ROUNDS: 3
[INFO] (2026/04/24 02:35:35 PM) [CONFIG] - FREEZE_MODALITY: none
[INFO] (2026/04/24 02:35:35 PM) [CONFIG] - FREEZE_ROUNDS: 5
[INFO] (2026/04/24 02:35:35 PM) [CONFIG] - OUT_MODALITY_SCALES: [1, 1, 1]
[INFO] (2026/04/24 02:35:35 PM) [CONFIG] - FEDAVG_EVAL: False
[INFO] (2026/04/24 02:35:35 PM) [CONFIG] - WITH_AUX: True
[INFO] (2026/04/24 02:35:35 PM) [CONFIG] - AUX_TRAINED: True
[INFO] (2026/04/24 02:35:35 PM) [CONFIG] - AUX_ATTN_ONLY: False
[INFO] (2026/04/24 02:35:35 PM) [CONFIG] - AUX_MLP_ONLY: False
[INFO] (2026/04/24 02:35:35 PM) [CONFIG] - FLICKR_TRAIN_ALL: False
[INFO] (2026/04/24 02:35:35 PM) [CONFIG] - V_EPOCH: 5
[INFO] (2026/04/24 02:35:35 PM) [CONFIG] - SUPERVISED: False
[INFO] (2026/04/24 02:35:35 PM) [CONFIG] - TRAIN_AS_VAL: False
[INFO] (2026/04/24 02:35:35 PM) [CONFIG] - PUB_DATA_DIR: data/coco/all_images/
[INFO] (2026/04/24 02:35:35 PM) [CONFIG] - PUB_ANNO_PATH: data/coco/annotations/captions_val2014.json
[INFO] (2026/04/24 02:35:35 PM) [CONFIG] - NUM_PUB_SAMPLES: 500
[INFO] (2026/04/24 02:35:35 PM) [CONFIG] - PUB_BATCH_SIZE: 64
[INFO] (2026/04/24 02:35:35 PM) [CONFIG] - P_LR: 0.0001
[INFO] (2026/04/24 02:35:35 PM) [CONFIG] - INTERINTRA_WEIGHT: 0.5
[INFO] (2026/04/24 02:35:35 PM) [CONFIG] - KD_WEIGHT: 0.3
[INFO] (2026/04/24 02:35:35 PM) [CONFIG] - NO_MM_CONTRASTIVE: False
[INFO] (2026/04/24 02:35:35 PM) [CONFIG] - MM_SCALE: 100
[INFO] (2026/04/24 02:35:35 PM) [CONFIG] - NO_INTRA: False
[INFO] (2026/04/24 02:35:35 PM) [CONFIG] - NO_SSCF: False
[INFO] (2026/04/24 02:35:35 PM) [CONFIG] - SOFT_UPDATE_TAU: 0.5
[INFO] (2026/04/24 02:35:35 PM) [CONFIG] - ALIGN_TEMP: 0.2
[INFO] (2026/04/24 02:35:35 PM) [CONFIG] - MODEL_NAME: mome_small_patch16
[INFO] (2026/04/24 02:35:35 PM) [CONFIG] - HIDDEN_SIZE: 64
[INFO] (2026/04/24 02:35:35 PM) [CONFIG] - DROPOUT: 0.1
[INFO] (2026/04/24 02:35:35 PM) [CONFIG] - USE_MODEL_TOKENIZER: False
[INFO] (2026/04/24 02:35:35 PM) [CONFIG] - USE_BERT_TOKENIZER: True
[INFO] (2026/04/24 02:35:35 PM) [CONFIG] - VOCAB_SIZE: 30522
[INFO] (2026/04/24 02:35:35 PM) [CONFIG] - USE_PT_MODEL: False
[INFO] (2026/04/24 02:35:35 PM) [CONFIG] - SEQ_LEN: 40
[INFO] (2026/04/24 02:35:35 PM) [CONFIG] - NUM_LAYERS: 2
[INFO] (2026/04/24 02:35:35 PM) [CONFIG] - NUM_EMBEDDINGS: 30522
[INFO] (2026/04/24 02:35:35 PM) [CONFIG] - EMBEDDING_SIZE: 512
[INFO] (2026/04/24 02:35:35 PM) [CONFIG] - INIT_TYPE: kaiming
[INFO] (2026/04/24 02:35:35 PM) [CONFIG] - INIT_GAIN: 1.0
[INFO] (2026/04/24 02:35:35 PM) [CONFIG] - ALGORITHM: fedif
[INFO] (2026/04/24 02:35:35 PM) [CONFIG] - EVAL_TYPE: global
[INFO] (2026/04/24 02:35:35 PM) [CONFIG] - EVAL_FRACTION: 1.0
[INFO] (2026/04/24 02:35:35 PM) [CONFIG] - EVAL_EVERY: 1
[INFO] (2026/04/24 02:35:35 PM) [CONFIG] - EVAL_METRICS: ['acc1']
[INFO] (2026/04/24 02:35:35 PM) [CONFIG] - K: 32
[INFO] (2026/04/24 02:35:35 PM) [CONFIG] - R: 30
[INFO] (2026/04/24 02:35:35 PM) [CONFIG] - C: 0.1
[INFO] (2026/04/24 02:35:35 PM) [CONFIG] - E: 5
[INFO] (2026/04/24 02:35:35 PM) [CONFIG] - B: 112
[INFO] (2026/04/24 02:35:35 PM) [CONFIG] - EVAL_BATCH_SIZE: 512
[INFO] (2026/04/24 02:35:35 PM) [CONFIG] - BETA1: 0.0
[INFO] (2026/04/24 02:35:35 PM) [CONFIG] - NO_SHUFFLE: False
[INFO] (2026/04/24 02:35:35 PM) [CONFIG] - OPTIMIZER: AdamW
[INFO] (2026/04/24 02:35:35 PM) [CONFIG] - MAX_GRAD_NORM: 0.0
[INFO] (2026/04/24 02:35:35 PM) [CONFIG] - WEIGHT_DECAY: 0
[INFO] (2026/04/24 02:35:35 PM) [CONFIG] - MOMENTUM: 0.0
[INFO] (2026/04/24 02:35:35 PM) [CONFIG] - NESTEROV: False
[INFO] (2026/04/24 02:35:35 PM) [CONFIG] - LR: 0.0001
[INFO] (2026/04/24 02:35:35 PM) [CONFIG] - LR_DECAY: 0.99
[INFO] (2026/04/24 02:35:35 PM) [CONFIG] - LR_DECAY_STEP: 1
[INFO] (2026/04/24 02:35:35 PM) [CONFIG] - CRITERION: CrossEntropyLoss
[INFO] (2026/04/24 02:35:35 PM) [CONFIG] - MU: 0.01
[INFO] (2026/04/24 02:35:35 PM) [CONFIG] - NOISE: 0
[INFO] (2026/04/24 02:35:35 PM) [CONFIG] - LEVEL_N_SYSTEM: 0.4
[INFO] (2026/04/24 02:35:35 PM) [CONFIG] - LEVEL_N_LOWERB: 0.5
[INFO] (2026/04/24 02:35:35 PM) [CONFIG] - LEVEL_N_UPPERB: 0.7
[INFO] (2026/04/24 02:35:35 PM) [CONFIG] - LEVEL_N_MEAN: 0.0
[INFO] (2026/04/24 02:35:35 PM) [CONFIG] - LEVEL_N_STD: 0.1
[INFO] (2026/04/24 02:35:35 PM) [CONFIG] - FEDIF_GAMMA: 0.9
[INFO] (2026/04/24 02:35:35 PM) [CONFIG] - ENABLE_FISHER: True
[INFO] (2026/04/24 02:35:35 PM) [CONFIG] - FISHER_BATCHES: 2
[INFO] (2026/04/24 02:35:35 PM) [CONFIG] - FISHER_CLIP: 10.0
[INFO] (2026/04/24 02:35:35 PM) [CONFIG] - FISHER_NORM_EPS: 1e-06
[INFO] (2026/04/24 02:35:35 PM) [CONFIG] - RESOURCE_SELECTOR: lyapunov
[INFO] (2026/04/24 02:35:35 PM) [CONFIG] - FEDSCALE_CAPACITY_PATH: FedScale-master/benchmark/dataset/data/device_info/client_device_capacity
[INFO] (2026/04/24 02:35:35 PM) [CONFIG] - ENERGY_PER_FLOP: 2.5e-10
[INFO] (2026/04/24 02:35:35 PM) [CONFIG] - ENERGY_PER_BYTE: 1.5e-07
[INFO] (2026/04/24 02:35:35 PM) [CONFIG] - LYAP_V: 3.0
[INFO] (2026/04/24 02:35:35 PM) [CONFIG] - LYAP_MU: 0.1
[INFO] (2026/04/24 02:35:35 PM) [CONFIG] - LYAP_BETA: 0.3
[INFO] (2026/04/24 02:35:35 PM) [CONFIG] - LYAP_FISHER_DENSITY: True
[INFO] (2026/04/24 02:35:35 PM) [CONFIG] - OORT_PENALTY: 2.0
[INFO] (2026/04/24 02:35:35 PM) [CONFIG] - OORT_PREF_PCT: 80.0
[INFO] (2026/04/24 02:35:35 PM) [CONFIG] - OORT_UCB: 0.1
[INFO] (2026/04/24 02:35:35 PM) [CONFIG] - TXT_DROP_PROB: 0.1
[INFO] (2026/04/24 02:35:35 PM) [CONFIG] - TXT_PAD_ID: 0
[INFO] (2026/04/24 02:35:35 PM) [CONFIG] - NOISE_CLIP_MIN: -1.0
[INFO] (2026/04/24 02:35:35 PM) [CONFIG] - NOISE_CLIP_MAX: 1.0
[INFO] (2026/04/24 02:35:35 PM) [CONFIG] - GRAD_N_MEAN: 0.0
[INFO] (2026/04/24 02:35:35 PM) [CONFIG] - GRAD_N_STD: 0.0001
[INFO] (2026/04/24 02:35:35 PM) [CONFIG] - ADV_EPS: 0.03
[INFO] (2026/04/24 02:35:35 PM) [CONFIG] - ADV_CLIP_MIN: -1.0
[INFO] (2026/04/24 02:35:35 PM) [CONFIG] - ADV_CLIP_MAX: 1.0
[INFO] (2026/04/24 02:35:35 PM) [CONFIG] - IN_CHANNELS: 3
[INFO] (2026/04/24 02:35:35 PM) [CONFIG] - NUM_CLASSES: None
[INFO] (2026/04/24 02:35:35 PM) [CONFIG] - GLOVE_EMB: NOT USE!
[INFO] (2026/04/24 02:35:35 PM) [CONFIG] - TRAIN_ONLY: False
[INFO] (2026/04/24 02:35:35 PM) [CONFIG] - IS_SEQ2SEQ: False
[INFO] (2026/04/24 02:35:38 PM) [FEDIF] [Round: 0000] Create clients!
[INFO] (2026/04/24 02:35:38 PM) [FEDIF][Round: 0000] ...creating clients... 100% |████████████████████| [32    /32]
[INFO] (2026/04/24 02:35:38 PM) [FEDIF] [COCO] [Round: 0000] ...sucessfully created 32 clients!
[INFO] (2026/04/24 02:35:38 PM) [ResourceProfiler] source=fedscale K=32
[INFO] (2026/04/24 02:35:38 PM) [profiles] src=fedscale FLOPS min=1.50e+10 max=1.99e+11 BW min=1721 max=132722 Kbps alpha min=2.50e-10 max=3.32e-09 beta min=1.50e-07 max=1.07e-06
[INFO] (2026/04/24 02:35:38 PM) [FedIF] ResourceSelector enabled: lyapunov
[INFO] (2026/04/24 02:35:38 PM) [FedIF] Found 5 Golden Sets: ['fedif_golden_v0', 'fedif_golden_v1', 'fedif_golden_v2', 'fedif_golden_v3', 'fedif_golden_v4']. Enabling Random Rotation.
[INFO] (2026/04/24 02:35:38 PM) [FEDIF] [Round: 0001] Sample clients!
[INFO] (2026/04/24 02:35:38 PM) [FEDIF] [Round: 0001] ...2 clients are selected!
[INFO] (2026/04/24 02:35:38 PM) [FedIF][resource] r=1 n=8 E_round=774.3890 T_round=844.2083
[INFO] (2026/04/24 02:35:38 PM) [FedIF] Selected Clients: [1, 2, 9, 13, 16, 19, 27, 31]
[INFO] (2026/04/24 02:35:38 PM) [FEDIF] [Round: 0001] Request updates to 8 clients!
[INFO] (2026/04/24 02:35:38 PM) [FEDIF] [Round: 0001] ...update clients... 100% |████████████████████| [8     /8]
[INFO] (2026/04/24 02:35:38 PM) [CLS] [IMG] ...working on client 1... 
[INFO] (2026/04/24 02:35:38 PM) [CLS] [IMG] ...working on client 2... 
[INFO] (2026/04/24 02:35:55 PM) [Client 2] loss: 1.5974149359559147, acc1: 0.6509073543457498
[INFO] (2026/04/24 02:35:55 PM) [CLS] [IMG] ...update client 2...  20% |████                | [1     /5]
[INFO] (2026/04/24 02:35:56 PM) [Client 1] loss: 2.0028857824250115, acc1: 0.5724774988157272
[INFO] (2026/04/24 02:35:56 PM) [CLS] [IMG] ...update client 1...  20% |████                | [1     /5]
[INFO] (2026/04/24 02:36:12 PM) [Client 2] loss: 0.3876467602756212, acc1: 0.7790114613180515
[INFO] (2026/04/24 02:36:12 PM) [CLS] [IMG] ...update client 2...  40% |████████            | [2     /5]
[INFO] (2026/04/24 02:36:13 PM) [Client 1] loss: 0.6349035110986385, acc1: 0.71328754144955
[INFO] (2026/04/24 02:36:13 PM) [CLS] [IMG] ...update client 1...  40% |████████            | [2     /5]
[INFO] (2026/04/24 02:36:29 PM) [Client 2] loss: 0.21631307444520073, acc1: 0.8349251830627189
[INFO] (2026/04/24 02:36:29 PM) [CLS] [IMG] ...update client 2...  60% |████████████        | [3     /5]
[INFO] (2026/04/24 02:36:29 PM) [Client 1] loss: 0.35403357060076446, acc1: 0.7801200063161219
[INFO] (2026/04/24 02:36:29 PM) [CLS] [IMG] ...update client 1...  60% |████████████        | [3     /5]
[INFO] (2026/04/24 02:36:45 PM) [Client 2] loss: 0.15691074731812207, acc1: 0.8659264565425024
[INFO] (2026/04/24 02:36:45 PM) [CLS] [IMG] ...update client 2...  80% |████████████████    | [4     /5]
[INFO] (2026/04/24 02:36:45 PM) [Client 1] loss: 0.22689421738227472, acc1: 0.8204050213169114
[INFO] (2026/04/24 02:36:45 PM) [CLS] [IMG] ...update client 1...  80% |████████████████    | [4     /5]
[INFO] (2026/04/24 02:37:01 PM) [Client 2] loss: 0.11060296280848604, acc1: 0.8876313276026743
[INFO] (2026/04/24 02:37:01 PM) [CLS] [IMG] ...update client 2... 100% |████████████████████| [5     /5]
[INFO] (2026/04/24 02:37:01 PM) [CLS] [IMG] ...update client 2... 100% |████████████████████| [5     /5]
[INFO] (2026/04/24 02:37:02 PM) [FedIFClient 2] fisher_keys=96
[INFO] (2026/04/24 02:37:02 PM) [CLS] [IMG] ...working on client 9... 
[INFO] (2026/04/24 02:37:04 PM) [Client 1] loss: 0.1623691644701332, acc1: 0.8485551871151114
[INFO] (2026/04/24 02:37:04 PM) [CLS] [IMG] ...update client 1... 100% |████████████████████| [5     /5]
[INFO] (2026/04/24 02:37:04 PM) [CLS] [IMG] ...update client 1... 100% |████████████████████| [5     /5]
[INFO] (2026/04/24 02:37:06 PM) [FedIFClient 1] fisher_keys=96
[INFO] (2026/04/24 02:37:06 PM) [CLS] [TXT] ...working on client 13... 
[INFO] (2026/04/24 02:37:18 PM) [Client 9] loss: 2.091695719028837, acc1: 0.5381909547738694
[INFO] (2026/04/24 02:37:18 PM) [CLS] [IMG] ...update client 9...  20% |████                | [1     /5]
[INFO] (2026/04/24 02:37:31 PM) [Client 13] loss: 0.007982113369751789, acc1: 0.9940641810424782
[INFO] (2026/04/24 02:37:31 PM) [CLS] [TXT] ...update client 13...  20% |████                | [1     /5]
[INFO] (2026/04/24 02:37:36 PM) [Client 9] loss: 0.727293268400221, acc1: 0.6796482412060302
[INFO] (2026/04/24 02:37:36 PM) [CLS] [IMG] ...update client 9...  40% |████████            | [2     /5]
[INFO] (2026/04/24 02:37:53 PM) [Client 9] loss: 0.4125264955525422, acc1: 0.7510050251256282
[INFO] (2026/04/24 02:37:53 PM) [CLS] [IMG] ...update client 9...  60% |████████████        | [3     /5]
[INFO] (2026/04/24 02:37:56 PM) [Client 13] loss: 0.0, acc1: 0.9970320905212391
[INFO] (2026/04/24 02:37:56 PM) [CLS] [TXT] ...update client 13...  40% |████████            | [2     /5]
[INFO] (2026/04/24 02:38:10 PM) [Client 9] loss: 0.2666843786311509, acc1: 0.7957286432160804
[INFO] (2026/04/24 02:38:10 PM) [CLS] [IMG] ...update client 9...  80% |████████████████    | [4     /5]
[INFO] (2026/04/24 02:38:18 PM) [Client 13] loss: 0.0, acc1: 0.9980213936808261
[INFO] (2026/04/24 02:38:18 PM) [CLS] [TXT] ...update client 13...  60% |████████████        | [3     /5]
[INFO] (2026/04/24 02:38:27 PM) [Client 9] loss: 0.18436353551083473, acc1: 0.8268341708542714
[INFO] (2026/04/24 02:38:27 PM) [CLS] [IMG] ...update client 9... 100% |████████████████████| [5     /5]
[INFO] (2026/04/24 02:38:27 PM) [CLS] [IMG] ...update client 9... 100% |████████████████████| [5     /5]
[INFO] (2026/04/24 02:38:29 PM) [FedIFClient 9] fisher_keys=96
[INFO] (2026/04/24 02:38:29 PM) [CLS] [TXT] ...working on client 16... 
[INFO] (2026/04/24 02:38:38 PM) [Client 13] loss: 0.0, acc1: 0.9985160452606195
[INFO] (2026/04/24 02:38:38 PM) [CLS] [TXT] ...update client 13...  80% |████████████████    | [4     /5]
[INFO] (2026/04/24 02:39:02 PM) [Client 13] loss: 0.0, acc1: 0.9988128362084956
[INFO] (2026/04/24 02:39:02 PM) [CLS] [TXT] ...update client 13... 100% |████████████████████| [5     /5]
[INFO] (2026/04/24 02:39:02 PM) [CLS] [TXT] ...update client 13... 100% |████████████████████| [5     /5]
[INFO] (2026/04/24 02:39:03 PM) [FedIFClient 13] fisher_keys=96
[INFO] (2026/04/24 02:39:03 PM) [CLS] [TXT] ...working on client 19... 
[INFO] (2026/04/24 02:39:05 PM) [Client 19] loss: 0.14519075572679332, acc1: 0.8905723905723906
[INFO] (2026/04/24 02:39:05 PM) [CLS] [TXT] ...update client 19...  20% |████                | [1     /5]
[INFO] (2026/04/24 02:39:06 PM) [Client 19] loss: 0.0, acc1: 0.9452861952861953
[INFO] (2026/04/24 02:39:06 PM) [CLS] [TXT] ...update client 19...  40% |████████            | [2     /5]
[INFO] (2026/04/24 02:39:08 PM) [Client 19] loss: 0.0, acc1: 0.9635241301907969
[INFO] (2026/04/24 02:39:08 PM) [CLS] [TXT] ...update client 19...  60% |████████████        | [3     /5]
[INFO] (2026/04/24 02:39:10 PM) [Client 19] loss: 0.0, acc1: 0.9726430976430976
[INFO] (2026/04/24 02:39:10 PM) [CLS] [TXT] ...update client 19...  80% |████████████████    | [4     /5]
[INFO] (2026/04/24 02:39:11 PM) [Client 19] loss: 0.0, acc1: 0.9781144781144782
[INFO] (2026/04/24 02:39:11 PM) [CLS] [TXT] ...update client 19... 100% |████████████████████| [5     /5]
[INFO] (2026/04/24 02:39:11 PM) [CLS] [TXT] ...update client 19... 100% |████████████████████| [5     /5]
[INFO] (2026/04/24 02:39:12 PM) [FedIFClient 19] fisher_keys=96
[INFO] (2026/04/24 02:39:13 PM) [IMG+TXT] [IMG+TXT] ...working on client 27... 
[INFO] (2026/04/24 02:39:23 PM) [Client 16] loss: 0.04629846266727017, acc1: 0.9931585825197939
[INFO] (2026/04/24 02:39:23 PM) [CLS] [TXT] ...update client 16...  20% |████                | [1     /5]
[INFO] (2026/04/24 02:40:00 PM) [Client 27] loss: 4.753080719273265
[INFO] (2026/04/24 02:40:00 PM) [IMG+TXT] [IMG+TXT] ...update client 27...  20% |████                | [1     /5]
[INFO] (2026/04/24 02:40:05 PM) [Client 16] loss: 0.019602995909982702, acc1: 0.9952725036513184
[INFO] (2026/04/24 02:40:05 PM) [CLS] [TXT] ...update client 16...  40% |████████            | [2     /5]
[INFO] (2026/04/24 02:40:46 PM) [Client 16] loss: 0.018978934524404294, acc1: 0.9959771440284931
[INFO] (2026/04/24 02:40:46 PM) [CLS] [TXT] ...update client 16...  60% |████████████        | [3     /5]
[INFO] (2026/04/24 02:40:50 PM) [Client 27] loss: 4.717809022732866
[INFO] (2026/04/24 02:40:50 PM) [IMG+TXT] [IMG+TXT] ...update client 27...  40% |████████            | [2     /5]
[INFO] (2026/04/24 02:41:26 PM) [Client 16] loss: 0.018840491540106766, acc1: 0.9963294642170805
[INFO] (2026/04/24 02:41:26 PM) [CLS] [TXT] ...update client 16...  80% |████████████████    | [4     /5]
[INFO] (2026/04/24 02:41:40 PM) [Client 27] loss: 4.717599538167318
[INFO] (2026/04/24 02:41:40 PM) [IMG+TXT] [IMG+TXT] ...update client 27...  60% |████████████        | [3     /5]
[INFO] (2026/04/24 02:42:07 PM) [Client 16] loss: 0.018572389584538537, acc1: 0.9965408563302329
[INFO] (2026/04/24 02:42:07 PM) [CLS] [TXT] ...update client 16... 100% |████████████████████| [5     /5]
[INFO] (2026/04/24 02:42:07 PM) [CLS] [TXT] ...update client 16... 100% |████████████████████| [5     /5]
[INFO] (2026/04/24 02:42:07 PM) [FedIFClient 16] fisher_keys=96
[INFO] (2026/04/24 02:42:08 PM) [IMG+TXT] [IMG+TXT] ...working on client 31... 
[INFO] (2026/04/24 02:42:31 PM) [Client 27] loss: 4.650512365015541
[INFO] (2026/04/24 02:42:31 PM) [IMG+TXT] [IMG+TXT] ...update client 27...  80% |████████████████    | [4     /5]
[INFO] (2026/04/24 02:42:59 PM) [Client 31] loss: 4.759879759652274
[INFO] (2026/04/24 02:42:59 PM) [IMG+TXT] [IMG+TXT] ...update client 31...  20% |████                | [1     /5]
[INFO] (2026/04/24 02:43:23 PM) [Client 27] loss: 4.116464032118882
[INFO] (2026/04/24 02:43:23 PM) [IMG+TXT] [IMG+TXT] ...update client 27... 100% |████████████████████| [5     /5]
[INFO] (2026/04/24 02:43:23 PM) [IMG+TXT] [IMG+TXT] ...update client 27... 100% |████████████████████| [5     /5]
[INFO] (2026/04/24 02:43:26 PM) [FedIFClient 27] fisher_keys=96
[INFO] (2026/04/24 02:43:42 PM) [Client 31] loss: 4.714516516549247
[INFO] (2026/04/24 02:43:42 PM) [IMG+TXT] [IMG+TXT] ...update client 31...  40% |████████            | [2     /5]
[INFO] (2026/04/24 02:44:17 PM) [Client 31] loss: 4.714696814400809
[INFO] (2026/04/24 02:44:17 PM) [IMG+TXT] [IMG+TXT] ...update client 31...  60% |████████████        | [3     /5]
[INFO] (2026/04/24 02:44:52 PM) [Client 31] loss: 4.714277397155762
[INFO] (2026/04/24 02:44:52 PM) [IMG+TXT] [IMG+TXT] ...update client 31...  80% |████████████████    | [4     /5]
[INFO] (2026/04/24 02:45:27 PM) [Client 31] loss: 4.690093019757952
[INFO] (2026/04/24 02:45:27 PM) [IMG+TXT] [IMG+TXT] ...update client 31... 100% |████████████████████| [5     /5]
[INFO] (2026/04/24 02:45:27 PM) [IMG+TXT] [IMG+TXT] ...update client 31... 100% |████████████████████| [5     /5]
[INFO] (2026/04/24 02:45:29 PM) [FedIFClient 31] fisher_keys=96
[INFO] (2026/04/24 02:45:29 PM) [FEDIF] [FLICKR30K] [Round: 0001] [UPDATE] [CLIENT] < 000031 > | loss: 4.6901 
[INFO] (2026/04/24 02:45:29 PM) [FEDIF] [FLICKR30K] [Round: 0001] [UPDATE] [CLIENT] < 000027 > | loss: 4.1165 
[INFO] (2026/04/24 02:45:29 PM) [FEDIF] [AG_NEWS] [Round: 0001] [UPDATE] [CLIENT] < 000016 > | loss: 0.0186 | acc1: 0.9965 
[INFO] (2026/04/24 02:45:29 PM) [FEDIF] [AG_NEWS] [Round: 0001] [UPDATE] [CLIENT] < 000019 > | loss: 0.0000 | acc1: 0.9781 
[INFO] (2026/04/24 02:45:29 PM) [FEDIF] [AG_NEWS] [Round: 0001] [UPDATE] [CLIENT] < 000013 > | loss: 0.0000 | acc1: 0.9988 
[INFO] (2026/04/24 02:45:29 PM) [FEDIF] [CIFAR100] [Round: 0001] [UPDATE] [CLIENT] < 000009 > | loss: 0.1844 | acc1: 0.8268 
[INFO] (2026/04/24 02:45:29 PM) [FEDIF] [CIFAR100] [Round: 0001] [UPDATE] [CLIENT] < 000001 > | loss: 0.1624 | acc1: 0.8486 
[INFO] (2026/04/24 02:45:29 PM) [FEDIF] [CIFAR100] [Round: 0001] [UPDATE] [CLIENT] < 000002 > | loss: 0.1106 | acc1: 0.8876 
[INFO] (2026/04/24 02:45:29 PM) [FEDIF] [COCO] [Round: 0001] [UPDATE] [SUMMARY] (8 clients):
    - Loss: Avg. (0.9090) Std. (1.8790) | Top 10% (0.9090) Std. (1.8790) | Bottom 10% (0.0000) Std. (0.0000)
[INFO] (2026/04/24 02:45:29 PM) [FEDIF] [Round: 0001] ...completed updates of 8 clients!
[INFO] (2026/04/24 02:45:29 PM) [FEDIF] [CIFAR100] [Round: 0001] Aggregate updated signals!
[INFO] (2026/04/24 02:45:29 PM) [FEDIF] [CIFAR100] [Round: 0001] ...successfully aggregated into a new gloal model!
[INFO] (2026/04/24 02:45:29 PM) [FEDIF] [AG_NEWS] [Round: 0001] Aggregate updated signals!
[INFO] (2026/04/24 02:45:29 PM) [FEDIF] [AG_NEWS] [Round: 0001] ...successfully aggregated into a new gloal model!
[INFO] (2026/04/24 02:45:29 PM) [FEDIF] [FLICKR30K] [Round: 0001] Aggregate updated signals!
[INFO] (2026/04/24 02:45:29 PM) [FEDIF] [FLICKR30K] [Round: 0001] ...successfully aggregated into a new gloal model!
[INFO] (2026/04/24 02:45:41 PM) [FEDIF] [CIFAR100] [Round: 0001] [EVALUATE] [SERVER] | loss: 4.4594 | acc1: 0.1237 
[INFO] (2026/04/24 02:45:43 PM) [FEDIF] [AG_NEWS] [Round: 0001] [EVALUATE] [SERVER] | loss: 9.3278 | acc1: 0.2500 
[INFO] (2026/04/24 02:45:43 PM) extracting features...
[INFO] (2026/04/24 02:46:08 PM) evaluating 1-th fold
[INFO] (2026/04/24 02:46:09 PM) evaluating 2-th fold
[INFO] (2026/04/24 02:46:09 PM) evaluating 3-th fold
[INFO] (2026/04/24 02:46:10 PM) evaluating 4-th fold
[INFO] (2026/04/24 02:46:10 PM) evaluating 5-th fold
[INFO] (2026/04/24 02:46:10 PM) evaluating i2t...
[INFO] (2026/04/24 02:46:12 PM) evaluating t2i...
[INFO] (2026/04/24 02:46:13 PM) [FEDIF] [FLICKR30K] [Round: 0001] [EVALUATE] [SERVER] | Flickr30k1k_i2t_recall_1: 0.1600 | Flickr30k1k_i2t_recall_5: 0.7200 | Flickr30k1k_i2t_rsum: 2.4000 | Flickr30k1k_i2t_recall_10: 1.5200 | Flickr30k1k_t2i_recall_1: 0.0880 | Flickr30k1k_t2i_recall_5: 0.5120 | Flickr30k1k_t2i_rsum: 1.6080 | Flickr30k1k_t2i_recall_10: 1.0080 | Flickr30k 1k_rsum: 0.2480 | Flickr30k5k_i2t_recall_1: 0.0200 | Flickr30k5k_i2t_recall_5: 0.1600 | Flickr30k5k_i2t_rsum: 0.5000 | Flickr30k5k_i2t_recall_10: 0.3200 | Flickr30k5k_t2i_recall_1: 0.0080 | Flickr30k5k_t2i_recall_5: 0.1000 | Flickr30k5k_t2i_rsum: 0.3080 | Flickr30k5k_t2i_recall_10: 0.2000 | Flickr30k 5k_rsum: 0.0280 | Flickr30k rsum: 0.2760
[INFO] (2026/04/24 02:46:13 PM) [FEDIF] [Round: 0002] Sample clients!
[INFO] (2026/04/24 02:46:13 PM) [FEDIF] [Round: 0002] ...2 clients are selected!
[INFO] (2026/04/24 02:46:13 PM) [FedIF][resource] r=2 n=8 E_round=814.4748 T_round=844.2083
[INFO] (2026/04/24 02:46:13 PM) [FedIF] Selected Clients: [3, 6, 10, 12, 13, 19, 27, 30]
[INFO] (2026/04/24 02:46:13 PM) [FEDIF] [Round: 0002] Request updates to 8 clients!
[INFO] (2026/04/24 02:46:13 PM) [FEDIF] [Round: 0002] ...update clients... 100% |████████████████████| [8     /8]
[INFO] (2026/04/24 02:46:13 PM) [CLS] [IMG] ...working on client 6... 
[INFO] (2026/04/24 02:46:13 PM) [CLS] [IMG] ...working on client 3... 
[INFO] (2026/04/24 02:46:37 PM) [Client 3] loss: 1.4644000562032065, acc1: 0.6866666666666666
[INFO] (2026/04/24 02:46:37 PM) [CLS] [IMG] ...update client 3...  20% |████                | [1     /5]
[INFO] (2026/04/24 02:46:39 PM) [Client 6] loss: 1.522950270120939, acc1: 0.6664405246494799
[INFO] (2026/04/24 02:46:39 PM) [CLS] [IMG] ...update client 6...  20% |████                | [1     /5]
[INFO] (2026/04/24 02:47:02 PM) [Client 3] loss: 0.38464237848917643, acc1: 0.7979761904761905
[INFO] (2026/04/24 02:47:02 PM) [CLS] [IMG] ...update client 3...  40% |████████            | [2     /5]
[INFO] (2026/04/24 02:47:04 PM) [Client 6] loss: 0.4873134602199901, acc1: 0.776232473993668
[INFO] (2026/04/24 02:47:04 PM) [CLS] [IMG] ...update client 6...  40% |████████            | [2     /5]
[INFO] (2026/04/24 02:47:23 PM) [Client 3] loss: 0.21043456614017486, acc1: 0.8477777777777777
[INFO] (2026/04/24 02:47:23 PM) [CLS] [IMG] ...update client 3...  60% |████████████        | [3     /5]
[INFO] (2026/04/24 02:47:26 PM) [Client 6] loss: 0.31032640111225324, acc1: 0.8244384139906528
[INFO] (2026/04/24 02:47:26 PM) [CLS] [IMG] ...update client 6...  60% |████████████        | [3     /5]
[INFO] (2026/04/24 02:47:44 PM) [Client 3] loss: 0.1626158684492111, acc1: 0.8757142857142857
[INFO] (2026/04/24 02:47:44 PM) [CLS] [IMG] ...update client 3...  80% |████████████████    | [4     /5]
[INFO] (2026/04/24 02:47:49 PM) [Client 6] loss: 0.21434636056517542, acc1: 0.854590682948892
[INFO] (2026/04/24 02:47:49 PM) [CLS] [IMG] ...update client 6...  80% |████████████████    | [4     /5]
[INFO] (2026/04/24 02:48:04 PM) [Client 3] loss: 0.10119369174043337, acc1: 0.896
[INFO] (2026/04/24 02:48:04 PM) [CLS] [IMG] ...update client 3... 100% |████████████████████| [5     /5]
[INFO] (2026/04/24 02:48:04 PM) [CLS] [IMG] ...update client 3... 100% |████████████████████| [5     /5]
[INFO] (2026/04/24 02:48:05 PM) [Client 6] loss: 0.13352177805662802, acc1: 0.8772501130710086
[INFO] (2026/04/24 02:48:05 PM) [CLS] [IMG] ...update client 6... 100% |████████████████████| [5     /5]
[INFO] (2026/04/24 02:48:05 PM) [CLS] [IMG] ...update client 6... 100% |████████████████████| [5     /5]
[INFO] (2026/04/24 02:48:06 PM) [FedIFClient 3] fisher_keys=96
[INFO] (2026/04/24 02:48:06 PM) [CLS] [IMG] ...working on client 10... 
[INFO] (2026/04/24 02:48:07 PM) [FedIFClient 6] fisher_keys=96
[INFO] (2026/04/24 02:48:07 PM) [CLS] [TXT] ...working on client 12... 
[INFO] (2026/04/24 02:48:22 PM) [Client 10] loss: 1.5596488923902232, acc1: 0.6670007516913055
[INFO] (2026/04/24 02:48:22 PM) [CLS] [IMG] ...update client 10...  20% |████                | [1     /5]
[INFO] (2026/04/24 02:48:37 PM) [Client 10] loss: 0.448697789909845, acc1: 0.7795038837384114
[INFO] (2026/04/24 02:48:37 PM) [CLS] [IMG] ...update client 10...  40% |████████            | [2     /5]
[INFO] (2026/04/24 02:48:52 PM) [Client 10] loss: 0.25009188304655955, acc1: 0.8333750939614132
[INFO] (2026/04/24 02:48:52 PM) [CLS] [IMG] ...update client 10...  60% |████████████        | [3     /5]
[INFO] (2026/04/24 02:48:57 PM) [Client 12] loss: 1.0847938814784344, acc1: 0.5811696942844484
[INFO] (2026/04/24 02:48:57 PM) [CLS] [TXT] ...update client 12...  20% |████                | [1     /5]
[INFO] (2026/04/24 02:49:09 PM) [Client 10] loss: 0.1816572360386379, acc1: 0.8650714106740165
[INFO] (2026/04/24 02:49:09 PM) [CLS] [IMG] ...update client 10...  80% |████████████████    | [4     /5]
[INFO] (2026/04/24 02:49:26 PM) [Client 10] loss: 0.12840801703880617, acc1: 0.8859433725883237
[INFO] (2026/04/24 02:49:26 PM) [CLS] [IMG] ...update client 10... 100% |████████████████████| [5     /5]
[INFO] (2026/04/24 02:49:26 PM) [CLS] [IMG] ...update client 10... 100% |████████████████████| [5     /5]
[INFO] (2026/04/24 02:49:27 PM) [FedIFClient 10] fisher_keys=96
[INFO] (2026/04/24 02:49:28 PM) [CLS] [TXT] ...working on client 13... 
[INFO] (2026/04/24 02:49:49 PM) [Client 12] loss: 0.6554680756937364, acc1: 0.6557820115197165
[INFO] (2026/04/24 02:49:49 PM) [CLS] [TXT] ...update client 12...  40% |████████            | [2     /5]
[INFO] (2026/04/24 02:49:51 PM) [Client 13] loss: 0.06499968971122286, acc1: 0.9896123168243368
[INFO] (2026/04/24 02:49:51 PM) [CLS] [TXT] ...update client 13...  20% |████                | [1     /5]
[INFO] (2026/04/24 02:50:15 PM) [Client 13] loss: 0.0, acc1: 0.9948061584121685
[INFO] (2026/04/24 02:50:15 PM) [CLS] [TXT] ...update client 13...  40% |████████            | [2     /5]
[INFO] (2026/04/24 02:50:34 PM) [Client 12] loss: 0.3483639883807554, acc1: 0.727529168512775
[INFO] (2026/04/24 02:50:34 PM) [CLS] [TXT] ...update client 12...  60% |████████████        | [3     /5]
[INFO] (2026/04/24 02:50:40 PM) [Client 13] loss: 0.0, acc1: 0.9965374389414456
[INFO] (2026/04/24 02:50:40 PM) [CLS] [TXT] ...update client 13...  60% |████████████        | [3     /5]
[INFO] (2026/04/24 02:51:05 PM) [Client 13] loss: 0.0, acc1: 0.9974030792060842
[INFO] (2026/04/24 02:51:05 PM) [CLS] [TXT] ...update client 13...  80% |████████████████    | [4     /5]
[INFO] (2026/04/24 02:51:23 PM) [Client 12] loss: 0.23495600526714197, acc1: 0.7744018608772707
[INFO] (2026/04/24 02:51:23 PM) [CLS] [TXT] ...update client 12...  80% |████████████████    | [4     /5]
[INFO] (2026/04/24 02:51:31 PM) [Client 13] loss: 0.0, acc1: 0.9979224633648673
[INFO] (2026/04/24 02:51:31 PM) [CLS] [TXT] ...update client 13... 100% |████████████████████| [5     /5]
[INFO] (2026/04/24 02:51:31 PM) [CLS] [TXT] ...update client 13... 100% |████████████████████| [5     /5]
[INFO] (2026/04/24 02:51:32 PM) [FedIFClient 13] fisher_keys=96
[INFO] (2026/04/24 02:51:32 PM) [CLS] [TXT] ...working on client 19... 
[INFO] (2026/04/24 02:51:34 PM) [Client 19] loss: 1.1903804146393029, acc1: 0.8114478114478114
[INFO] (2026/04/24 02:51:34 PM) [CLS] [TXT] ...update client 19...  20% |████                | [1     /5]
[INFO] (2026/04/24 02:51:36 PM) [Client 19] loss: 0.0, acc1: 0.9057239057239057
[INFO] (2026/04/24 02:51:36 PM) [CLS] [TXT] ...update client 19...  40% |████████            | [2     /5]
[INFO] (2026/04/24 02:51:37 PM) [Client 19] loss: 0.0, acc1: 0.9371492704826038
[INFO] (2026/04/24 02:51:37 PM) [CLS] [TXT] ...update client 19...  60% |████████████        | [3     /5]
[INFO] (2026/04/24 02:51:39 PM) [Client 19] loss: 0.0, acc1: 0.9528619528619529
[INFO] (2026/04/24 02:51:39 PM) [CLS] [TXT] ...update client 19...  80% |████████████████    | [4     /5]
[INFO] (2026/04/24 02:51:41 PM) [Client 19] loss: 0.0, acc1: 0.9622895622895623
[INFO] (2026/04/24 02:51:41 PM) [CLS] [TXT] ...update client 19... 100% |████████████████████| [5     /5]
[INFO] (2026/04/24 02:51:41 PM) [CLS] [TXT] ...update client 19... 100% |████████████████████| [5     /5]
[INFO] (2026/04/24 02:51:41 PM) [FedIFClient 19] fisher_keys=96
[INFO] (2026/04/24 02:51:41 PM) [IMG+TXT] [IMG+TXT] ...working on client 27... 
[INFO] (2026/04/24 02:52:04 PM) [Client 12] loss: 0.17050066188499363, acc1: 0.8076030128489144
[INFO] (2026/04/24 02:52:04 PM) [CLS] [TXT] ...update client 12... 100% |████████████████████| [5     /5]
[INFO] (2026/04/24 02:52:04 PM) [CLS] [TXT] ...update client 12... 100% |████████████████████| [5     /5]
[INFO] (2026/04/24 02:52:05 PM) [FedIFClient 12] fisher_keys=96
[INFO] (2026/04/24 02:52:06 PM) [IMG+TXT] [IMG+TXT] ...working on client 30... 
[INFO] (2026/04/24 02:52:31 PM) [Client 27] loss: 4.735470049323105
[INFO] (2026/04/24 02:52:31 PM) [IMG+TXT] [IMG+TXT] ...update client 27...  20% |████                | [1     /5]
[INFO] (2026/04/24 02:52:53 PM) [Client 30] loss: 4.7292933712228695
[INFO] (2026/04/24 02:52:53 PM) [IMG+TXT] [IMG+TXT] ...update client 30...  20% |████                | [1     /5]
[INFO] (2026/04/24 02:53:22 PM) [Client 27] loss: 4.55254474267727
[INFO] (2026/04/24 02:53:22 PM) [IMG+TXT] [IMG+TXT] ...update client 27...  40% |████████            | [2     /5]
[INFO] (2026/04/24 02:53:43 PM) [Client 30] loss: 4.640781114254779
[INFO] (2026/04/24 02:53:43 PM) [IMG+TXT] [IMG+TXT] ...update client 30...  40% |████████            | [2     /5]
[INFO] (2026/04/24 02:54:13 PM) [Client 27] loss: 3.9726823736981647
[INFO] (2026/04/24 02:54:13 PM) [IMG+TXT] [IMG+TXT] ...update client 27...  60% |████████████        | [3     /5]
[INFO] (2026/04/24 02:54:32 PM) [Client 30] loss: 4.2144995750739564
[INFO] (2026/04/24 02:54:32 PM) [IMG+TXT] [IMG+TXT] ...update client 30...  60% |████████████        | [3     /5]
[INFO] (2026/04/24 02:55:02 PM) [Client 27] loss: 3.362748851465985
[INFO] (2026/04/24 02:55:02 PM) [IMG+TXT] [IMG+TXT] ...update client 27...  80% |████████████████    | [4     /5]
[INFO] (2026/04/24 02:55:20 PM) [Client 30] loss: 3.6566239287281594
[INFO] (2026/04/24 02:55:20 PM) [IMG+TXT] [IMG+TXT] ...update client 30...  80% |████████████████    | [4     /5]
[INFO] (2026/04/24 02:55:50 PM) [Client 27] loss: 2.792020697399853
[INFO] (2026/04/24 02:55:50 PM) [IMG+TXT] [IMG+TXT] ...update client 27... 100% |████████████████████| [5     /5]
[INFO] (2026/04/24 02:55:50 PM) [IMG+TXT] [IMG+TXT] ...update client 27... 100% |████████████████████| [5     /5]
[INFO] (2026/04/24 02:55:53 PM) [FedIFClient 27] fisher_keys=96
[INFO] (2026/04/24 02:56:03 PM) [Client 30] loss: 3.0584591480723597
[INFO] (2026/04/24 02:56:03 PM) [IMG+TXT] [IMG+TXT] ...update client 30... 100% |████████████████████| [5     /5]
[INFO] (2026/04/24 02:56:03 PM) [IMG+TXT] [IMG+TXT] ...update client 30... 100% |████████████████████| [5     /5]
[INFO] (2026/04/24 02:56:05 PM) [FedIFClient 30] fisher_keys=96
[INFO] (2026/04/24 02:56:05 PM) [FEDIF] [FLICKR30K] [Round: 0002] [UPDATE] [CLIENT] < 000030 > | loss: 3.0585 
[INFO] (2026/04/24 02:56:05 PM) [FEDIF] [FLICKR30K] [Round: 0002] [UPDATE] [CLIENT] < 000027 > | loss: 2.7920 
[INFO] (2026/04/24 02:56:05 PM) [FEDIF] [AG_NEWS] [Round: 0002] [UPDATE] [CLIENT] < 000012 > | loss: 0.1705 | acc1: 0.8076 
[INFO] (2026/04/24 02:56:05 PM) [FEDIF] [AG_NEWS] [Round: 0002] [UPDATE] [CLIENT] < 000019 > | loss: 0.0000 | acc1: 0.9623 
[INFO] (2026/04/24 02:56:05 PM) [FEDIF] [AG_NEWS] [Round: 0002] [UPDATE] [CLIENT] < 000013 > | loss: 0.0000 | acc1: 0.9979 
[INFO] (2026/04/24 02:56:05 PM) [FEDIF] [CIFAR100] [Round: 0002] [UPDATE] [CLIENT] < 000010 > | loss: 0.1284 | acc1: 0.8859 
[INFO] (2026/04/24 02:56:05 PM) [FEDIF] [CIFAR100] [Round: 0002] [UPDATE] [CLIENT] < 000006 > | loss: 0.1335 | acc1: 0.8773 
[INFO] (2026/04/24 02:56:05 PM) [FEDIF] [CIFAR100] [Round: 0002] [UPDATE] [CLIENT] < 000003 > | loss: 0.1012 | acc1: 0.8960 
[INFO] (2026/04/24 02:56:05 PM) [FEDIF] [COCO] [Round: 0002] [UPDATE] [SUMMARY] (8 clients):
    - Loss: Avg. (0.6960) Std. (1.2313) | Top 10% (0.6960) Std. (1.2313) | Bottom 10% (0.0000) Std. (0.0000)
[INFO] (2026/04/24 02:56:05 PM) [FEDIF] [Round: 0002] ...completed updates of 8 clients!
[INFO] (2026/04/24 02:56:05 PM) [FEDIF] [CIFAR100] [Round: 0002] Aggregate updated signals!
[INFO] (2026/04/24 02:56:06 PM) [FEDIF] [CIFAR100] [Round: 0002] ...successfully aggregated into a new gloal model!
[INFO] (2026/04/24 02:56:06 PM) [FEDIF] [AG_NEWS] [Round: 0002] Aggregate updated signals!
[INFO] (2026/04/24 02:56:06 PM) [FEDIF] [AG_NEWS] [Round: 0002] ...successfully aggregated into a new gloal model!
[INFO] (2026/04/24 02:56:06 PM) [FEDIF] [FLICKR30K] [Round: 0002] Aggregate updated signals!
[INFO] (2026/04/24 02:56:06 PM) [FEDIF] [FLICKR30K] [Round: 0002] ...successfully aggregated into a new gloal model!
[INFO] (2026/04/24 02:56:18 PM) [FEDIF] [CIFAR100] [Round: 0002] [EVALUATE] [SERVER] | loss: 3.3033 | acc1: 0.2757 
[INFO] (2026/04/24 02:56:20 PM) [FEDIF] [AG_NEWS] [Round: 0002] [EVALUATE] [SERVER] | loss: 6.9440 | acc1: 0.2500 
[INFO] (2026/04/24 02:56:20 PM) extracting features...
[INFO] (2026/04/24 02:56:45 PM) evaluating 1-th fold
[INFO] (2026/04/24 02:56:46 PM) evaluating 2-th fold
[INFO] (2026/04/24 02:56:46 PM) evaluating 3-th fold
[INFO] (2026/04/24 02:56:47 PM) evaluating 4-th fold
[INFO] (2026/04/24 02:56:47 PM) evaluating 5-th fold
[INFO] (2026/04/24 02:56:47 PM) evaluating i2t...
[INFO] (2026/04/24 02:56:49 PM) evaluating t2i...
[INFO] (2026/04/24 02:56:50 PM) [FEDIF] [FLICKR30K] [Round: 0002] [EVALUATE] [SERVER] | Flickr30k1k_i2t_recall_1: 0.8600 | Flickr30k1k_i2t_recall_5: 3.1400 | Flickr30k1k_i2t_rsum: 9.6000 | Flickr30k1k_i2t_recall_10: 5.6000 | Flickr30k1k_t2i_recall_1: 0.1200 | Flickr30k1k_t2i_recall_5: 0.5560 | Flickr30k1k_t2i_rsum: 1.7760 | Flickr30k1k_t2i_recall_10: 1.1000 | Flickr30k 1k_rsum: 0.9800 | Flickr30k5k_i2t_recall_1: 0.1000 | Flickr30k5k_i2t_recall_5: 0.7400 | Flickr30k5k_i2t_rsum: 2.2400 | Flickr30k5k_i2t_recall_10: 1.4000 | Flickr30k5k_t2i_recall_1: 0.0200 | Flickr30k5k_t2i_recall_5: 0.1160 | Flickr30k5k_t2i_rsum: 0.3920 | Flickr30k5k_t2i_recall_10: 0.2560 | Flickr30k 5k_rsum: 0.1200 | Flickr30k rsum: 1.1000
[INFO] (2026/04/24 02:56:50 PM) [FEDIF] [Round: 0003] Sample clients!
[INFO] (2026/04/24 02:56:50 PM) [FEDIF] [Round: 0003] ...2 clients are selected!
[INFO] (2026/04/24 02:56:50 PM) [FedIF][resource] r=3 n=8 E_round=790.8230 T_round=872.3801
[INFO] (2026/04/24 02:56:50 PM) [FedIF] Selected Clients: [0, 7, 9, 15, 16, 21, 25, 26]
[INFO] (2026/04/24 02:56:50 PM) [FEDIF] [Round: 0003] Request updates to 8 clients!
[INFO] (2026/04/24 02:56:50 PM) [FEDIF] [Round: 0003] ...update clients... 100% |████████████████████| [8     /8]
[INFO] (2026/04/24 02:56:50 PM) [CLS] [IMG] ...working on client 7... 
[INFO] (2026/04/24 02:56:50 PM) [CLS] [IMG] ...working on client 0... 
[INFO] (2026/04/24 02:57:16 PM) [Client 7] loss: 0.9995383984893917, acc1: 0.7798561151079136
[INFO] (2026/04/24 02:57:16 PM) [CLS] [IMG] ...update client 7...  20% |████                | [1     /5]
[INFO] (2026/04/24 02:57:16 PM) [Client 0] loss: 0.9678173459649029, acc1: 0.7786022020105313
[INFO] (2026/04/24 02:57:16 PM) [CLS] [IMG] ...update client 0...  20% |████                | [1     /5]
[INFO] (2026/04/24 02:57:42 PM) [Client 0] loss: 0.2452306139406375, acc1: 0.8591431306845381
[INFO] (2026/04/24 02:57:42 PM) [CLS] [IMG] ...update client 0...  40% |████████            | [2     /5]
[INFO] (2026/04/24 02:57:42 PM) [Client 7] loss: 0.282685867552277, acc1: 0.8539568345323741
[INFO] (2026/04/24 02:57:42 PM) [CLS] [IMG] ...update client 7...  40% |████████            | [2     /5]
[INFO] (2026/04/24 02:58:05 PM) [Client 7] loss: 0.19167493924105483, acc1: 0.8864908073541167
[INFO] (2026/04/24 02:58:05 PM) [CLS] [IMG] ...update client 7...  60% |████████████        | [3     /5]
[INFO] (2026/04/24 02:58:05 PM) [Client 0] loss: 0.15341490513545694, acc1: 0.8942875378969204
[INFO] (2026/04/24 02:58:05 PM) [CLS] [IMG] ...update client 0...  60% |████████████        | [3     /5]
[INFO] (2026/04/24 02:58:28 PM) [Client 0] loss: 0.11032906650441181, acc1: 0.9141933939684059
[INFO] (2026/04/24 02:58:28 PM) [CLS] [IMG] ...update client 0...  80% |████████████████    | [4     /5]
[INFO] (2026/04/24 02:58:28 PM) [Client 7] loss: 0.14674924836813402, acc1: 0.9049160671462829
[INFO] (2026/04/24 02:58:28 PM) [CLS] [IMG] ...update client 7...  80% |████████████████    | [4     /5]
[INFO] (2026/04/24 02:58:51 PM) [Client 0] loss: 0.09206957840474386, acc1: 0.926663475347056
[INFO] (2026/04/24 02:58:51 PM) [CLS] [IMG] ...update client 0... 100% |████████████████████| [5     /5]
[INFO] (2026/04/24 02:58:51 PM) [CLS] [IMG] ...update client 0... 100% |████████████████████| [5     /5]
[INFO] (2026/04/24 02:58:51 PM) [Client 7] loss: 0.11994925896040827, acc1: 0.9177458033573141
[INFO] (2026/04/24 02:58:51 PM) [CLS] [IMG] ...update client 7... 100% |████████████████████| [5     /5]
[INFO] (2026/04/24 02:58:51 PM) [CLS] [IMG] ...update client 7... 100% |████████████████████| [5     /5]
[INFO] (2026/04/24 02:58:53 PM) [FedIFClient 7] fisher_keys=96
[INFO] (2026/04/24 02:58:53 PM) [CLS] [IMG] ...working on client 9... 
[INFO] (2026/04/24 02:58:53 PM) [FedIFClient 0] fisher_keys=96
[INFO] (2026/04/24 02:58:53 PM) [CLS] [TXT] ...working on client 15... 
[INFO] (2026/04/24 02:59:10 PM) [Client 9] loss: 1.062097401954421, acc1: 0.7399497487437185
[INFO] (2026/04/24 02:59:10 PM) [CLS] [IMG] ...update client 9...  20% |████                | [1     /5]
[INFO] (2026/04/24 02:59:16 PM) [Client 15] loss: 0.15146126325878415, acc1: 0.9782208885877456
[INFO] (2026/04/24 02:59:16 PM) [CLS] [TXT] ...update client 15...  20% |████                | [1     /5]
[INFO] (2026/04/24 02:59:26 PM) [Client 9] loss: 0.3826159207964662, acc1: 0.8184673366834171
[INFO] (2026/04/24 02:59:26 PM) [CLS] [IMG] ...update client 9...  40% |████████            | [2     /5]
[INFO] (2026/04/24 02:59:37 PM) [Client 15] loss: 0.0016055390975500666, acc1: 0.9890620462685122
[INFO] (2026/04/24 02:59:37 PM) [CLS] [TXT] ...update client 15...  40% |████████            | [2     /5]
[INFO] (2026/04/24 02:59:43 PM) [Client 9] loss: 0.2197359882407452, acc1: 0.859966499162479
[INFO] (2026/04/24 02:59:43 PM) [CLS] [IMG] ...update client 9...  60% |████████████        | [3     /5]
[INFO] (2026/04/24 02:59:59 PM) [Client 9] loss: 0.1666188966239517, acc1: 0.8844221105527639
[INFO] (2026/04/24 02:59:59 PM) [CLS] [IMG] ...update client 9...  80% |████████████████    | [4     /5]
[INFO] (2026/04/24 03:00:00 PM) [Client 15] loss: 0.0013101895059220347, acc1: 0.9926757654954345
[INFO] (2026/04/24 03:00:00 PM) [CLS] [TXT] ...update client 15...  60% |████████████        | [3     /5]
[INFO] (2026/04/24 03:00:15 PM) [Client 9] loss: 0.1467040314970903, acc1: 0.8998492462311558
[INFO] (2026/04/24 03:00:15 PM) [CLS] [IMG] ...update client 9... 100% |████████████████████| [5     /5]
[INFO] (2026/04/24 03:00:15 PM) [CLS] [IMG] ...update client 9... 100% |████████████████████| [5     /5]
[INFO] (2026/04/24 03:00:17 PM) [FedIFClient 9] fisher_keys=96
[INFO] (2026/04/24 03:00:17 PM) [CLS] [TXT] ...working on client 16... 
[INFO] (2026/04/24 03:00:20 PM) [Client 15] loss: 0.0011216640989688959, acc1: 0.9944826251088955
[INFO] (2026/04/24 03:00:20 PM) [CLS] [TXT] ...update client 15...  80% |████████████████    | [4     /5]
[INFO] (2026/04/24 03:00:43 PM) [Client 15] loss: 0.0009767338986344822, acc1: 0.9955667408769722
[INFO] (2026/04/24 03:00:43 PM) [CLS] [TXT] ...update client 15... 100% |████████████████████| [5     /5]
[INFO] (2026/04/24 03:00:43 PM) [CLS] [TXT] ...update client 15... 100% |████████████████████| [5     /5]
[INFO] (2026/04/24 03:00:44 PM) [FedIFClient 15] fisher_keys=96
[INFO] (2026/04/24 03:00:44 PM) [CLS] [TXT] ...working on client 21... 
[INFO] (2026/04/24 03:00:51 PM) [Client 21] loss: 1.6685263072468361, acc1: 0.4294361261548264
[INFO] (2026/04/24 03:00:51 PM) [CLS] [TXT] ...update client 21...  20% |████                | [1     /5]
[INFO] (2026/04/24 03:00:58 PM) [Client 21] loss: 1.0087515653300034, acc1: 0.4733991717107359
[INFO] (2026/04/24 03:00:58 PM) [CLS] [TXT] ...update client 21...  40% |████████            | [2     /5]
[INFO] (2026/04/24 03:01:06 PM) [Client 21] loss: 0.8897893254298926, acc1: 0.5144950621216948
[INFO] (2026/04/24 03:01:06 PM) [CLS] [TXT] ...update client 21...  60% |████████████        | [3     /5]
[INFO] (2026/04/24 03:01:13 PM) [Client 21] loss: 0.7160800684785797, acc1: 0.5590952532653711
[INFO] (2026/04/24 03:01:13 PM) [CLS] [TXT] ...update client 21...  80% |████████████████    | [4     /5]
[INFO] (2026/04/24 03:01:18 PM) [Client 16] loss: 0.06555710079239349, acc1: 0.9888538703974171
[INFO] (2026/04/24 03:01:18 PM) [CLS] [TXT] ...update client 16...  20% |████                | [1     /5]
[INFO] (2026/04/24 03:01:20 PM) [Client 21] loss: 0.4571015555678602, acc1: 0.6111500477859191
[INFO] (2026/04/24 03:01:20 PM) [CLS] [TXT] ...update client 21... 100% |████████████████████| [5     /5]
[INFO] (2026/04/24 03:01:20 PM) [CLS] [TXT] ...update client 21... 100% |████████████████████| [5     /5]
[INFO] (2026/04/24 03:01:21 PM) [FedIFClient 21] fisher_keys=96
[INFO] (2026/04/24 03:01:21 PM) [IMG+TXT] [IMG+TXT] ...working on client 25... 
[INFO] (2026/04/24 03:01:58 PM) [Client 16] loss: 0.01888544276125173, acc1: 0.9931201475901299
[INFO] (2026/04/24 03:01:58 PM) [CLS] [TXT] ...update client 16...  40% |████████            | [2     /5]
[INFO] (2026/04/24 03:02:06 PM) [Client 25] loss: 4.608171478599285
[INFO] (2026/04/24 03:02:06 PM) [IMG+TXT] [IMG+TXT] ...update client 25...  20% |████                | [1     /5]
[INFO] (2026/04/24 03:02:36 PM) [Client 16] loss: 0.018514846924794624, acc1: 0.9945422399877009
[INFO] (2026/04/24 03:02:36 PM) [CLS] [TXT] ...update client 16...  60% |████████████        | [3     /5]
[INFO] (2026/04/24 03:02:54 PM) [Client 25] loss: 3.5700813687138933
[INFO] (2026/04/24 03:02:54 PM) [IMG+TXT] [IMG+TXT] ...update client 25...  40% |████████            | [2     /5]
[INFO] (2026/04/24 03:03:15 PM) [Client 16] loss: 0.018755690506985008, acc1: 0.9952532861864862
[INFO] (2026/04/24 03:03:15 PM) [CLS] [TXT] ...update client 16...  80% |████████████████    | [4     /5]
[INFO] (2026/04/24 03:03:42 PM) [Client 25] loss: 2.652431364670057
[INFO] (2026/04/24 03:03:42 PM) [IMG+TXT] [IMG+TXT] ...update client 25...  60% |████████████        | [3     /5]
[INFO] (2026/04/24 03:03:54 PM) [Client 16] loss: 0.016919552874552903, acc1: 0.9956799139057576
[INFO] (2026/04/24 03:03:54 PM) [CLS] [TXT] ...update client 16... 100% |████████████████████| [5     /5]
[INFO] (2026/04/24 03:03:54 PM) [CLS] [TXT] ...update client 16... 100% |████████████████████| [5     /5]
[INFO] (2026/04/24 03:03:55 PM) [FedIFClient 16] fisher_keys=96
[INFO] (2026/04/24 03:03:55 PM) [IMG+TXT] [IMG+TXT] ...working on client 26... 
[INFO] (2026/04/24 03:04:30 PM) [Client 25] loss: 1.8887757416020547
[INFO] (2026/04/24 03:04:30 PM) [IMG+TXT] [IMG+TXT] ...update client 25...  80% |████████████████    | [4     /5]
[INFO] (2026/04/24 03:04:44 PM) [Client 26] loss: 4.406847399143132
[INFO] (2026/04/24 03:04:44 PM) [IMG+TXT] [IMG+TXT] ...update client 26...  20% |████                | [1     /5]
[INFO] (2026/04/24 03:05:16 PM) [Client 25] loss: 1.3276936238818342
[INFO] (2026/04/24 03:05:16 PM) [IMG+TXT] [IMG+TXT] ...update client 25... 100% |████████████████████| [5     /5]
[INFO] (2026/04/24 03:05:16 PM) [IMG+TXT] [IMG+TXT] ...update client 25... 100% |████████████████████| [5     /5]
[INFO] (2026/04/24 03:05:19 PM) [FedIFClient 25] fisher_keys=96
[INFO] (2026/04/24 03:05:28 PM) [Client 26] loss: 3.3604743649982862
[INFO] (2026/04/24 03:05:28 PM) [IMG+TXT] [IMG+TXT] ...update client 26...  40% |████████            | [2     /5]
[INFO] (2026/04/24 03:06:03 PM) [Client 26] loss: 2.4515333231574936
[INFO] (2026/04/24 03:06:03 PM) [IMG+TXT] [IMG+TXT] ...update client 26...  60% |████████████        | [3     /5]
[INFO] (2026/04/24 03:06:37 PM) [Client 26] loss: 1.7383560075045408
[INFO] (2026/04/24 03:06:37 PM) [IMG+TXT] [IMG+TXT] ...update client 26...  80% |████████████████    | [4     /5]
[INFO] (2026/04/24 03:07:11 PM) [Client 26] loss: 1.2378036767729719
[INFO] (2026/04/24 03:07:11 PM) [IMG+TXT] [IMG+TXT] ...update client 26... 100% |████████████████████| [5     /5]
[INFO] (2026/04/24 03:07:11 PM) [IMG+TXT] [IMG+TXT] ...update client 26... 100% |████████████████████| [5     /5]
[INFO] (2026/04/24 03:07:13 PM) [FedIFClient 26] fisher_keys=96
[INFO] (2026/04/24 03:07:13 PM) [FEDIF] [FLICKR30K] [Round: 0003] [UPDATE] [CLIENT] < 000026 > | loss: 1.2378 
[INFO] (2026/04/24 03:07:13 PM) [FEDIF] [FLICKR30K] [Round: 0003] [UPDATE] [CLIENT] < 000025 > | loss: 1.3277 
[INFO] (2026/04/24 03:07:13 PM) [FEDIF] [AG_NEWS] [Round: 0003] [UPDATE] [CLIENT] < 000016 > | loss: 0.0169 | acc1: 0.9957 
[INFO] (2026/04/24 03:07:13 PM) [FEDIF] [AG_NEWS] [Round: 0003] [UPDATE] [CLIENT] < 000021 > | loss: 0.4571 | acc1: 0.6112 
[INFO] (2026/04/24 03:07:13 PM) [FEDIF] [AG_NEWS] [Round: 0003] [UPDATE] [CLIENT] < 000015 > | loss: 0.0010 | acc1: 0.9956 
[INFO] (2026/04/24 03:07:13 PM) [FEDIF] [CIFAR100] [Round: 0003] [UPDATE] [CLIENT] < 000009 > | loss: 0.1467 | acc1: 0.8998 
[INFO] (2026/04/24 03:07:13 PM) [FEDIF] [CIFAR100] [Round: 0003] [UPDATE] [CLIENT] < 000000 > | loss: 0.0921 | acc1: 0.9267 
[INFO] (2026/04/24 03:07:13 PM) [FEDIF] [CIFAR100] [Round: 0003] [UPDATE] [CLIENT] < 000007 > | loss: 0.1199 | acc1: 0.9177 
[INFO] (2026/04/24 03:07:13 PM) [FEDIF] [COCO] [Round: 0003] [UPDATE] [SUMMARY] (8 clients):
    - Loss: Avg. (0.2948) Std. (0.5129) | Top 10% (0.2948) Std. (0.5129) | Bottom 10% (0.0010) Std. (0.0000)
[INFO] (2026/04/24 03:07:13 PM) [FEDIF] [Round: 0003] ...completed updates of 8 clients!
[INFO] (2026/04/24 03:07:22 PM) [FedIF] Top-10 Influential Clients (Stratified): ID15:0.9000, ID7:0.9000, ID26:0.9000, ID0:0.4428, ID16:0.2418, ID9:0.0450, ID21:0.0450, ID25:0.0450, ID1:0.0000, ID2:0.0000
[INFO] (2026/04/24 03:07:23 PM) [FEDIF] [FLICKR30K] [Round: 0003] Aggregate updated signals!
[INFO] (2026/04/24 03:07:23 PM) [FEDIF] [FLICKR30K] [Round: 0003] ...successfully aggregated into a new gloal model!
[INFO] (2026/04/24 03:07:36 PM) [FEDIF] [CIFAR100] [Round: 0003] [EVALUATE] [SERVER] | loss: 2.5530 | acc1: 0.4271 
[INFO] (2026/04/24 03:07:38 PM) [FEDIF] [AG_NEWS] [Round: 0003] [EVALUATE] [SERVER] | loss: 6.4336 | acc1: 0.2500 
[INFO] (2026/04/24 03:07:38 PM) extracting features...
[INFO] (2026/04/24 03:08:03 PM) evaluating 1-th fold
[INFO] (2026/04/24 03:08:04 PM) evaluating 2-th fold
[INFO] (2026/04/24 03:08:04 PM) evaluating 3-th fold
[INFO] (2026/04/24 03:08:04 PM) evaluating 4-th fold
[INFO] (2026/04/24 03:08:05 PM) evaluating 5-th fold
[INFO] (2026/04/24 03:08:05 PM) evaluating i2t...
[INFO] (2026/04/24 03:08:06 PM) evaluating t2i...
[INFO] (2026/04/24 03:08:08 PM) [FEDIF] [FLICKR30K] [Round: 0003] [EVALUATE] [SERVER] | Flickr30k1k_i2t_recall_1: 2.3600 | Flickr30k1k_i2t_recall_5: 7.9200 | Flickr30k1k_i2t_rsum: 23.8000 | Flickr30k1k_i2t_recall_10: 13.5200 | Flickr30k1k_t2i_recall_1: 0.1360 | Flickr30k1k_t2i_recall_5: 0.7480 | Flickr30k1k_t2i_rsum: 2.2800 | Flickr30k1k_t2i_recall_10: 1.3960 | Flickr30k 1k_rsum: 2.4960 | Flickr30k5k_i2t_recall_1: 0.5000 | Flickr30k5k_i2t_recall_5: 2.2200 | Flickr30k5k_i2t_rsum: 6.8000 | Flickr30k5k_i2t_recall_10: 4.0800 | Flickr30k5k_t2i_recall_1: 0.0160 | Flickr30k5k_t2i_recall_5: 0.1720 | Flickr30k5k_t2i_rsum: 0.5080 | Flickr30k5k_t2i_recall_10: 0.3200 | Flickr30k 5k_rsum: 0.5160 | Flickr30k rsum: 3.0120
[INFO] (2026/04/24 03:08:08 PM) [Lyapunov] init budgets={'img': 0.1880134912783159, 'txt': 0.20085952061869441, 'img+txt': 0.268041995516896} e_mean={'img': 68.89888312661498, 'txt': 100.91035775634296, 'img+txt': 132.6169168913076}
[INFO] (2026/04/24 03:08:08 PM) [Lyapunov] r=4 avg_Q=0.136 max_Q=1.617 E_round=583.628 T_round=359.258
[INFO] (2026/04/24 03:08:08 PM) [FedIF][lyapunov] r=4 n=8 E_round=583.6282 T_round=359.2583
[INFO] (2026/04/24 03:08:08 PM) [FedIF] Selected Clients: [4, 5, 8, 14, 17, 18, 24, 28]
[INFO] (2026/04/24 03:08:08 PM) [FEDIF] [Round: 0004] Request updates to 8 clients!
[INFO] (2026/04/24 03:08:08 PM) [FEDIF] [Round: 0004] ...update clients... 100% |████████████████████| [8     /8]
[INFO] (2026/04/24 03:08:08 PM) [CLS] [IMG] ...working on client 4... 
[INFO] (2026/04/24 03:08:08 PM) [CLS] [IMG] ...working on client 5... 
[INFO] (2026/04/24 03:08:27 PM) [Client 4] loss: 0.8725971371231349, acc1: 0.7977304964539007
[INFO] (2026/04/24 03:08:27 PM) [CLS] [IMG] ...update client 4...  20% |████                | [1     /5]
[INFO] (2026/04/24 03:08:30 PM) [Client 5] loss: 0.7900774131218592, acc1: 0.8045238095238095
[INFO] (2026/04/24 03:08:30 PM) [CLS] [IMG] ...update client 5...  20% |████                | [1     /5]
[INFO] (2026/04/24 03:08:41 PM) [Client 4] loss: 0.29845474022500057, acc1: 0.8609929078014185
[INFO] (2026/04/24 03:08:41 PM) [CLS] [IMG] ...update client 4...  40% |████████            | [2     /5]
[INFO] (2026/04/24 03:08:47 PM) [Client 5] loss: 0.2500265429417292, acc1: 0.8688095238095238
[INFO] (2026/04/24 03:08:47 PM) [CLS] [IMG] ...update client 5...  40% |████████            | [2     /5]
[INFO] (2026/04/24 03:08:55 PM) [Client 4] loss: 0.15926707241129368, acc1: 0.893144208037825
[INFO] (2026/04/24 03:08:55 PM) [CLS] [IMG] ...update client 4...  60% |████████████        | [3     /5]
[INFO] (2026/04/24 03:09:04 PM) [Client 5] loss: 0.13642234675586223, acc1: 0.9004761904761904
[INFO] (2026/04/24 03:09:04 PM) [CLS] [IMG] ...update client 5...  60% |████████████        | [3     /5]
[INFO] (2026/04/24 03:09:09 PM) [Client 4] loss: 0.13371443413567882, acc1: 0.910709219858156
[INFO] (2026/04/24 03:09:09 PM) [CLS] [IMG] ...update client 4...  80% |████████████████    | [4     /5]
[INFO] (2026/04/24 03:09:20 PM) [Client 5] loss: 0.10563503613074621, acc1: 0.9184523809523809
[INFO] (2026/04/24 03:09:20 PM) [CLS] [IMG] ...update client 5...  80% |████████████████    | [4     /5]
[INFO] (2026/04/24 03:09:23 PM) [Client 4] loss: 0.09394756410376612, acc1: 0.9236312056737589
[INFO] (2026/04/24 03:09:23 PM) [CLS] [IMG] ...update client 4... 100% |████████████████████| [5     /5]
[INFO] (2026/04/24 03:09:23 PM) [CLS] [IMG] ...update client 4... 100% |████████████████████| [5     /5]
[INFO] (2026/04/24 03:09:24 PM) [FedIFClient 4] fisher_keys=96
[INFO] (2026/04/24 03:09:25 PM) [CLS] [IMG] ...working on client 8... 
[INFO] (2026/04/24 03:09:37 PM) [Client 5] loss: 0.09860242197910944, acc1: 0.9298571428571428
[INFO] (2026/04/24 03:09:37 PM) [CLS] [IMG] ...update client 5... 100% |████████████████████| [5     /5]
[INFO] (2026/04/24 03:09:37 PM) [CLS] [IMG] ...update client 5... 100% |████████████████████| [5     /5]
[INFO] (2026/04/24 03:09:39 PM) [FedIFClient 5] fisher_keys=96
[INFO] (2026/04/24 03:09:39 PM) [CLS] [TXT] ...working on client 14... 
[INFO] (2026/04/24 03:09:39 PM) [Client 14] loss: 7.161980152130127, acc1: 0.3058823529411765
[INFO] (2026/04/24 03:09:39 PM) [CLS] [TXT] ...update client 14...  20% |████                | [1     /5]
[INFO] (2026/04/24 03:09:40 PM) [Client 14] loss: 3.959412097930908, acc1: 0.3058823529411765
[INFO] (2026/04/24 03:09:40 PM) [CLS] [TXT] ...update client 14...  40% |████████            | [2     /5]
[INFO] (2026/04/24 03:09:40 PM) [Client 14] loss: 1.2288641929626465, acc1: 0.3137254901960784
[INFO] (2026/04/24 03:09:40 PM) [CLS] [TXT] ...update client 14...  60% |████████████        | [3     /5]
[INFO] (2026/04/24 03:09:40 PM) [Client 14] loss: 1.8202223777770996, acc1: 0.3764705882352941
[INFO] (2026/04/24 03:09:40 PM) [CLS] [TXT] ...update client 14...  80% |████████████████    | [4     /5]
[INFO] (2026/04/24 03:09:40 PM) [Client 14] loss: 2.4640004634857178, acc1: 0.41411764705882353
[INFO] (2026/04/24 03:09:40 PM) [CLS] [TXT] ...update client 14... 100% |████████████████████| [5     /5]
[INFO] (2026/04/24 03:09:40 PM) [CLS] [TXT] ...update client 14... 100% |████████████████████| [5     /5]
[INFO] (2026/04/24 03:09:41 PM) [FedIFClient 14] fisher_keys=96
[INFO] (2026/04/24 03:09:41 PM) [CLS] [TXT] ...working on client 17... 
[INFO] (2026/04/24 03:09:41 PM) [Client 17] loss: 8.589086532592773, acc1: 0.0
[INFO] (2026/04/24 03:09:41 PM) [CLS] [TXT] ...update client 17...  20% |████                | [1     /5]
[INFO] (2026/04/24 03:09:42 PM) [Client 17] loss: 4.747973442077637, acc1: 0.0
[INFO] (2026/04/24 03:09:42 PM) [CLS] [TXT] ...update client 17...  40% |████████            | [2     /5]
[INFO] (2026/04/24 03:09:42 PM) [Client 17] loss: 1.9057896137237549, acc1: 0.14666666666666667
[INFO] (2026/04/24 03:09:42 PM) [CLS] [TXT] ...update client 17...  60% |████████████        | [3     /5]
[INFO] (2026/04/24 03:09:42 PM) [Client 17] loss: 0.8615897297859192, acc1: 0.2575
[INFO] (2026/04/24 03:09:42 PM) [CLS] [TXT] ...update client 17...  80% |████████████████    | [4     /5]
[INFO] (2026/04/24 03:09:42 PM) [Client 17] loss: 1.352556586265564, acc1: 0.308
[INFO] (2026/04/24 03:09:42 PM) [CLS] [TXT] ...update client 17... 100% |████████████████████| [5     /5]
[INFO] (2026/04/24 03:09:42 PM) [CLS] [TXT] ...update client 17... 100% |████████████████████| [5     /5]
[INFO] (2026/04/24 03:09:43 PM) [FedIFClient 17] fisher_keys=96
[INFO] (2026/04/24 03:09:43 PM) [CLS] [TXT] ...working on client 18... 
[INFO] (2026/04/24 03:09:43 PM) [Client 8] loss: 0.9474879592650296, acc1: 0.7608844312742192
[INFO] (2026/04/24 03:09:43 PM) [CLS] [IMG] ...update client 8...  20% |████                | [1     /5]
[INFO] (2026/04/24 03:09:55 PM) [Client 18] loss: 0.28272789185288566, acc1: 0.9614690932939827
[INFO] (2026/04/24 03:09:55 PM) [CLS] [TXT] ...update client 18...  20% |████                | [1     /5]
[INFO] (2026/04/24 03:10:03 PM) [Client 8] loss: 0.2981288467822815, acc1: 0.8396398449965808
[INFO] (2026/04/24 03:10:03 PM) [CLS] [IMG] ...update client 8...  40% |████████            | [2     /5]
[INFO] (2026/04/24 03:10:08 PM) [Client 18] loss: 0.02769118348297993, acc1: 0.9799147401213314
[INFO] (2026/04/24 03:10:08 PM) [CLS] [TXT] ...update client 18...  40% |████████            | [2     /5]
[INFO] (2026/04/24 03:10:21 PM) [Client 18] loss: 0.01794906728549757, acc1: 0.9860632890637809
[INFO] (2026/04/24 03:10:21 PM) [CLS] [TXT] ...update client 18...  60% |████████████        | [3     /5]
[INFO] (2026/04/24 03:10:22 PM) [Client 8] loss: 0.19569826332615753, acc1: 0.875009497758529
[INFO] (2026/04/24 03:10:22 PM) [CLS] [IMG] ...update client 8...  60% |████████████        | [3     /5]
[INFO] (2026/04/24 03:10:33 PM) [Client 18] loss: 0.014123119338036711, acc1: 0.9891375635350057
[INFO] (2026/04/24 03:10:33 PM) [CLS] [TXT] ...update client 18...  80% |████████████████    | [4     /5]
[INFO] (2026/04/24 03:10:41 PM) [Client 8] loss: 0.17642855638112082, acc1: 0.8933781627535902
[INFO] (2026/04/24 03:10:41 PM) [CLS] [IMG] ...update client 8...  80% |████████████████    | [4     /5]
[INFO] (2026/04/24 03:10:46 PM) [Client 18] loss: 0.013732533773317552, acc1: 0.9909821282177406
[INFO] (2026/04/24 03:10:46 PM) [CLS] [TXT] ...update client 18... 100% |████████████████████| [5     /5]
[INFO] (2026/04/24 03:10:46 PM) [CLS] [TXT] ...update client 18... 100% |████████████████████| [5     /5]
[INFO] (2026/04/24 03:10:47 PM) [FedIFClient 18] fisher_keys=96
[INFO] (2026/04/24 03:10:47 PM) [IMG+TXT] [IMG+TXT] ...working on client 24... 
[INFO] (2026/04/24 03:11:00 PM) [Client 8] loss: 0.10985855691955224, acc1: 0.9091406428082972
[INFO] (2026/04/24 03:11:00 PM) [CLS] [IMG] ...update client 8... 100% |████████████████████| [5     /5]
[INFO] (2026/04/24 03:11:00 PM) [CLS] [IMG] ...update client 8... 100% |████████████████████| [5     /5]
[INFO] (2026/04/24 03:11:02 PM) [FedIFClient 8] fisher_keys=96
[INFO] (2026/04/24 03:11:02 PM) [IMG+TXT] [IMG+TXT] ...working on client 28... 
[INFO] (2026/04/24 03:11:30 PM) [Client 24] loss: 3.7414464063312285
[INFO] (2026/04/24 03:11:30 PM) [IMG+TXT] [IMG+TXT] ...update client 24...  20% |████                | [1     /5]
[INFO] (2026/04/24 03:11:43 PM) [Client 28] loss: 3.6862351599802814
[INFO] (2026/04/24 03:11:43 PM) [IMG+TXT] [IMG+TXT] ...update client 28...  20% |████                | [1     /5]
[INFO] (2026/04/24 03:12:13 PM) [Client 24] loss: 2.477252454109255
[INFO] (2026/04/24 03:12:13 PM) [IMG+TXT] [IMG+TXT] ...update client 24...  40% |████████            | [2     /5]
[INFO] (2026/04/24 03:12:26 PM) [Client 28] loss: 2.4812459461846874
[INFO] (2026/04/24 03:12:26 PM) [IMG+TXT] [IMG+TXT] ...update client 28...  40% |████████            | [2     /5]
[INFO] (2026/04/24 03:12:55 PM) [Client 24] loss: 1.7022615029444148
[INFO] (2026/04/24 03:12:55 PM) [IMG+TXT] [IMG+TXT] ...update client 24...  60% |████████████        | [3     /5]
[INFO] (2026/04/24 03:13:07 PM) [Client 28] loss: 1.7644226179238836
[INFO] (2026/04/24 03:13:07 PM) [IMG+TXT] [IMG+TXT] ...update client 28...  60% |████████████        | [3     /5]
[INFO] (2026/04/24 03:13:36 PM) [Client 24] loss: 1.2207101744798878
[INFO] (2026/04/24 03:13:36 PM) [IMG+TXT] [IMG+TXT] ...update client 24...  80% |████████████████    | [4     /5]
[INFO] (2026/04/24 03:13:48 PM) [Client 28] loss: 1.2470735702810423
[INFO] (2026/04/24 03:13:48 PM) [IMG+TXT] [IMG+TXT] ...update client 28...  80% |████████████████    | [4     /5]
[INFO] (2026/04/24 03:14:18 PM) [Client 24] loss: 0.8996068131271286
[INFO] (2026/04/24 03:14:18 PM) [IMG+TXT] [IMG+TXT] ...update client 24... 100% |████████████████████| [5     /5]
[INFO] (2026/04/24 03:14:18 PM) [IMG+TXT] [IMG+TXT] ...update client 24... 100% |████████████████████| [5     /5]
[INFO] (2026/04/24 03:14:20 PM) [FedIFClient 24] fisher_keys=96
[INFO] (2026/04/24 03:14:29 PM) [Client 28] loss: 0.9213759008117414
[INFO] (2026/04/24 03:14:29 PM) [IMG+TXT] [IMG+TXT] ...update client 28... 100% |████████████████████| [5     /5]
[INFO] (2026/04/24 03:14:29 PM) [IMG+TXT] [IMG+TXT] ...update client 28... 100% |████████████████████| [5     /5]
[INFO] (2026/04/24 03:14:31 PM) [FedIFClient 28] fisher_keys=96
[INFO] (2026/04/24 03:14:31 PM) [FEDIF] [FLICKR30K] [Round: 0004] [UPDATE] [CLIENT] < 000028 > | loss: 0.9214 
[INFO] (2026/04/24 03:14:31 PM) [FEDIF] [FLICKR30K] [Round: 0004] [UPDATE] [CLIENT] < 000024 > | loss: 0.8996 
[INFO] (2026/04/24 03:14:31 PM) [FEDIF] [CIFAR100] [Round: 0004] [UPDATE] [CLIENT] < 000008 > | loss: 0.1099 | acc1: 0.9091 
[INFO] (2026/04/24 03:14:31 PM) [FEDIF] [AG_NEWS] [Round: 0004] [UPDATE] [CLIENT] < 000018 > | loss: 0.0137 | acc1: 0.9910 
[INFO] (2026/04/24 03:14:31 PM) [FEDIF] [AG_NEWS] [Round: 0004] [UPDATE] [CLIENT] < 000017 > | loss: 1.3526 | acc1: 0.3080 
[INFO] (2026/04/24 03:14:31 PM) [FEDIF] [AG_NEWS] [Round: 0004] [UPDATE] [CLIENT] < 000014 > | loss: 2.4640 | acc1: 0.4141 
[INFO] (2026/04/24 03:14:31 PM) [FEDIF] [CIFAR100] [Round: 0004] [UPDATE] [CLIENT] < 000005 > | loss: 0.0986 | acc1: 0.9299 
[INFO] (2026/04/24 03:14:31 PM) [FEDIF] [CIFAR100] [Round: 0004] [UPDATE] [CLIENT] < 000004 > | loss: 0.0939 | acc1: 0.9236 
[INFO] (2026/04/24 03:14:31 PM) [FEDIF] [COCO] [Round: 0004] [UPDATE] [SUMMARY] (8 clients):
    - Loss: Avg. (0.4138) Std. (0.8030) | Top 10% (0.4138) Std. (0.8030) | Bottom 10% (0.0137) Std. (0.0000)
[INFO] (2026/04/24 03:14:31 PM) [FEDIF] [Round: 0004] ...completed updates of 8 clients!
[INFO] (2026/04/24 03:14:40 PM) [FedIF] Top-10 Influential Clients (Stratified): ID15:0.9000, ID17:0.9000, ID7:0.9000, ID8:0.9000, ID26:0.9000, ID28:0.8999, ID14:0.6744, ID0:0.4428, ID16:0.2418, ID4:0.1968
[INFO] (2026/04/24 03:14:41 PM) [FEDIF] [FLICKR30K] [Round: 0004] Aggregate updated signals!
[INFO] (2026/04/24 03:14:41 PM) [FEDIF] [FLICKR30K] [Round: 0004] ...successfully aggregated into a new gloal model!
[INFO] (2026/04/24 03:14:53 PM) [FEDIF] [CIFAR100] [Round: 0004] [EVALUATE] [SERVER] | loss: 1.8698 | acc1: 0.5666 
[INFO] (2026/04/24 03:14:55 PM) [FEDIF] [AG_NEWS] [Round: 0004] [EVALUATE] [SERVER] | loss: 3.4649 | acc1: 0.2500 
[INFO] (2026/04/24 03:14:55 PM) extracting features...
[INFO] (2026/04/24 03:15:21 PM) evaluating 1-th fold
[INFO] (2026/04/24 03:15:21 PM) evaluating 2-th fold
[INFO] (2026/04/24 03:15:22 PM) evaluating 3-th fold
[INFO] (2026/04/24 03:15:22 PM) evaluating 4-th fold
[INFO] (2026/04/24 03:15:23 PM) evaluating 5-th fold
[INFO] (2026/04/24 03:15:23 PM) evaluating i2t...
[INFO] (2026/04/24 03:15:24 PM) evaluating t2i...
[INFO] (2026/04/24 03:15:26 PM) [FEDIF] [FLICKR30K] [Round: 0004] [EVALUATE] [SERVER] | Flickr30k1k_i2t_recall_1: 7.2400 | Flickr30k1k_i2t_recall_5: 20.8400 | Flickr30k1k_i2t_rsum: 58.4200 | Flickr30k1k_i2t_recall_10: 30.3400 | Flickr30k1k_t2i_recall_1: 3.2840 | Flickr30k1k_t2i_recall_5: 12.0520 | Flickr30k1k_t2i_rsum: 34.8720 | Flickr30k1k_t2i_recall_10: 19.5360 | Flickr30k 1k_rsum: 10.5240 | Flickr30k5k_i2t_recall_1: 2.0200 | Flickr30k5k_i2t_recall_5: 7.9200 | Flickr30k5k_i2t_rsum: 22.6400 | Flickr30k5k_i2t_recall_10: 12.7000 | Flickr30k5k_t2i_recall_1: 0.7880 | Flickr30k5k_t2i_recall_5: 3.7080 | Flickr30k5k_t2i_rsum: 10.8960 | Flickr30k5k_t2i_recall_10: 6.4000 | Flickr30k 5k_rsum: 2.8080 | Flickr30k rsum: 13.3320
[INFO] (2026/04/24 03:15:26 PM) [Lyapunov][img] r=5 V*Q.mean=1.205 drift.mean=0.261 score range=[-2.917,14.451]
[INFO] (2026/04/24 03:15:26 PM) [Lyapunov][txt] r=5 V*Q.mean=1.206 drift.mean=0.051 score range=[-0.472,4.814]
[INFO] (2026/04/24 03:15:26 PM) [Lyapunov][img+txt] r=5 V*Q.mean=1.205 drift.mean=0.149 score range=[-0.597,9.637]
[INFO] (2026/04/24 03:15:26 PM) [Lyapunov] r=5 avg_Q=0.326 max_Q=2.101 E_round=928.329 T_round=943.130
[INFO] (2026/04/24 03:15:26 PM) [FedIF][lyapunov] r=5 n=8 E_round=928.3287 T_round=943.1300
[INFO] (2026/04/24 03:15:26 PM) [FedIF] Selected Clients: [2, 7, 11, 20, 22, 23, 26, 29]
[INFO] (2026/04/24 03:15:26 PM) [FEDIF] [Round: 0005] Request updates to 8 clients!
[INFO] (2026/04/24 03:15:26 PM) [FEDIF] [Round: 0005] ...update clients... 100% |████████████████████| [8     /8]
[INFO] (2026/04/24 03:15:26 PM) [CLS] [IMG] ...working on client 2... 
[INFO] (2026/04/24 03:15:26 PM) [CLS] [IMG] ...working on client 7... 
[INFO] (2026/04/24 03:15:49 PM) [Client 2] loss: 0.5573590300343895, acc1: 0.8665234001910219
[INFO] (2026/04/24 03:15:49 PM) [CLS] [IMG] ...update client 2...  20% |████                | [1     /5]
[INFO] (2026/04/24 03:15:49 PM) [Client 7] loss: 0.4834520497839514, acc1: 0.8916067146282973
[INFO] (2026/04/24 03:15:49 PM) [CLS] [IMG] ...update client 7...  20% |████                | [1     /5]
[INFO] (2026/04/24 03:16:11 PM) [Client 2] loss: 0.1737624437271581, acc1: 0.910458452722063
[INFO] (2026/04/24 03:16:11 PM) [CLS] [IMG] ...update client 2...  40% |████████            | [2     /5]
[INFO] (2026/04/24 03:16:11 PM) [Client 7] loss: 0.2074602838971918, acc1: 0.9195443645083933
[INFO] (2026/04/24 03:16:11 PM) [CLS] [IMG] ...update client 7...  40% |████████            | [2     /5]
[INFO] (2026/04/24 03:16:33 PM) [Client 2] loss: 0.11502680536128275, acc1: 0.929958611907036
[INFO] (2026/04/24 03:16:33 PM) [CLS] [IMG] ...update client 2...  60% |████████████        | [3     /5]
[INFO] (2026/04/24 03:16:33 PM) [Client 7] loss: 0.12962159868553103, acc1: 0.9345323741007194
[INFO] (2026/04/24 03:16:33 PM) [CLS] [IMG] ...update client 7...  60% |████████████        | [3     /5]
[INFO] (2026/04/24 03:16:56 PM) [Client 7] loss: 0.10062046949740508, acc1: 0.9437649880095923
[INFO] (2026/04/24 03:16:56 PM) [CLS] [IMG] ...update client 7...  80% |████████████████    | [4     /5]
[INFO] (2026/04/24 03:16:56 PM) [Client 2] loss: 0.07970024999711438, acc1: 0.9423949379178606
[INFO] (2026/04/24 03:16:56 PM) [CLS] [IMG] ...update client 2...  80% |████████████████    | [4     /5]
[INFO] (2026/04/24 03:17:18 PM) [Client 2] loss: 0.06453819257681327, acc1: 0.9501910219675263
[INFO] (2026/04/24 03:17:18 PM) [CLS] [IMG] ...update client 2... 100% |████████████████████| [5     /5]
[INFO] (2026/04/24 03:17:18 PM) [CLS] [IMG] ...update client 2... 100% |████████████████████| [5     /5]
[INFO] (2026/04/24 03:17:18 PM) [Client 7] loss: 0.07492395855611463, acc1: 0.9515107913669065
[INFO] (2026/04/24 03:17:18 PM) [CLS] [IMG] ...update client 7... 100% |████████████████████| [5     /5]
[INFO] (2026/04/24 03:17:18 PM) [CLS] [IMG] ...update client 7... 100% |████████████████████| [5     /5]
[INFO] (2026/04/24 03:17:19 PM) [FedIFClient 2] fisher_keys=96
[INFO] (2026/04/24 03:17:20 PM) [CLS] [IMG] ...working on client 11... 
[INFO] (2026/04/24 03:17:20 PM) [FedIFClient 7] fisher_keys=96
[INFO] (2026/04/24 03:17:20 PM) [CLS] [TXT] ...working on client 20... 
[INFO] (2026/04/24 03:17:20 PM) [Client 20] loss: 1.0770157939857907, acc1: 0.3567251461988304
[INFO] (2026/04/24 03:17:20 PM) [CLS] [TXT] ...update client 20...  20% |████                | [1     /5]
[INFO] (2026/04/24 03:17:21 PM) [Client 20] loss: 0.07225403842674187, acc1: 0.672514619883041
[INFO] (2026/04/24 03:17:21 PM) [CLS] [TXT] ...update client 20...  40% |████████            | [2     /5]
[INFO] (2026/04/24 03:17:21 PM) [Client 20] loss: 0.11094287072569785, acc1: 0.7777777777777778
[INFO] (2026/04/24 03:17:21 PM) [CLS] [TXT] ...update client 20...  60% |████████████        | [3     /5]
[INFO] (2026/04/24 03:17:22 PM) [Client 20] loss: 0.1346781635408464, acc1: 0.8304093567251462
[INFO] (2026/04/24 03:17:22 PM) [CLS] [TXT] ...update client 20...  80% |████████████████    | [4     /5]
[INFO] (2026/04/24 03:17:22 PM) [Client 20] loss: 0.15295478100316567, acc1: 0.8619883040935673
[INFO] (2026/04/24 03:17:22 PM) [CLS] [TXT] ...update client 20... 100% |████████████████████| [5     /5]
[INFO] (2026/04/24 03:17:22 PM) [CLS] [TXT] ...update client 20... 100% |████████████████████| [5     /5]
[INFO] (2026/04/24 03:17:23 PM) [FedIFClient 20] fisher_keys=96
[INFO] (2026/04/24 03:17:23 PM) [CLS] [TXT] ...working on client 22... 
[INFO] (2026/04/24 03:17:40 PM) [Client 11] loss: 0.8895279182088724, acc1: 0.7866431562706634
[INFO] (2026/04/24 03:17:40 PM) [CLS] [IMG] ...update client 11...  20% |████                | [1     /5]
[INFO] (2026/04/24 03:17:45 PM) [Client 22] loss: 0.051245974914694396, acc1: 0.9825171538678448
[INFO] (2026/04/24 03:17:45 PM) [CLS] [TXT] ...update client 22...  20% |████                | [1     /5]
[INFO] (2026/04/24 03:17:59 PM) [Client 11] loss: 0.2922987902554642, acc1: 0.854639629711263
[INFO] (2026/04/24 03:17:59 PM) [CLS] [IMG] ...update client 11...  40% |████████            | [2     /5]
[INFO] (2026/04/24 03:18:08 PM) [Client 22] loss: 6.722959814570198e-11, acc1: 0.9912585769339224
[INFO] (2026/04/24 03:18:08 PM) [CLS] [TXT] ...update client 22...  40% |████████            | [2     /5]
[INFO] (2026/04/24 03:18:19 PM) [Client 11] loss: 0.20441125095192755, acc1: 0.8853868194842407
[INFO] (2026/04/24 03:18:19 PM) [CLS] [IMG] ...update client 11...  60% |████████████        | [3     /5]
[INFO] (2026/04/24 03:18:29 PM) [Client 22] loss: 4.481973209713465e-11, acc1: 0.9941723846226149
[INFO] (2026/04/24 03:18:29 PM) [CLS] [TXT] ...update client 22...  60% |████████████        | [3     /5]
[INFO] (2026/04/24 03:18:39 PM) [Client 11] loss: 0.13852641897196807, acc1: 0.9050033061494379
[INFO] (2026/04/24 03:18:39 PM) [CLS] [IMG] ...update client 11...  80% |████████████████    | [4     /5]
[INFO] (2026/04/24 03:18:51 PM) [Client 22] loss: 5.6024665121418316e-11, acc1: 0.9956292884669612
[INFO] (2026/04/24 03:18:51 PM) [CLS] [TXT] ...update client 22...  80% |████████████████    | [4     /5]
[INFO] (2026/04/24 03:19:00 PM) [Client 11] loss: 0.10180469660151234, acc1: 0.9191095437513775
[INFO] (2026/04/24 03:19:00 PM) [CLS] [IMG] ...update client 11... 100% |████████████████████| [5     /5]
[INFO] (2026/04/24 03:19:00 PM) [CLS] [IMG] ...update client 11... 100% |████████████████████| [5     /5]
[INFO] (2026/04/24 03:19:02 PM) [FedIFClient 11] fisher_keys=96
[INFO] (2026/04/24 03:19:02 PM) [CLS] [TXT] ...working on client 23... 
[INFO] (2026/04/24 03:19:13 PM) [Client 22] loss: 2.2409866048567325e-11, acc1: 0.996503430773569
[INFO] (2026/04/24 03:19:13 PM) [CLS] [TXT] ...update client 22... 100% |████████████████████| [5     /5]
[INFO] (2026/04/24 03:19:13 PM) [CLS] [TXT] ...update client 22... 100% |████████████████████| [5     /5]
[INFO] (2026/04/24 03:19:14 PM) [FedIFClient 22] fisher_keys=96
[INFO] (2026/04/24 03:19:14 PM) [IMG+TXT] [IMG+TXT] ...working on client 26... 
[INFO] (2026/04/24 03:19:52 PM) [Client 23] loss: 0.16420367474344846, acc1: 0.9670874049945711
[INFO] (2026/04/24 03:19:52 PM) [CLS] [TXT] ...update client 23...  20% |████                | [1     /5]
[INFO] (2026/04/24 03:20:03 PM) [Client 26] loss: 2.425040479824675
[INFO] (2026/04/24 03:20:03 PM) [IMG+TXT] [IMG+TXT] ...update client 26...  20% |████                | [1     /5]
[INFO] (2026/04/24 03:20:37 PM) [Client 23] loss: 0.06531638623791394, acc1: 0.9740770901194354
[INFO] (2026/04/24 03:20:37 PM) [CLS] [TXT] ...update client 23...  40% |████████            | [2     /5]
[INFO] (2026/04/24 03:20:55 PM) [Client 26] loss: 1.4634889035737475
[INFO] (2026/04/24 03:20:55 PM) [IMG+TXT] [IMG+TXT] ...update client 26...  40% |████████            | [2     /5]
[INFO] (2026/04/24 03:21:22 PM) [Client 23] loss: 0.04351157424379905, acc1: 0.978250542888165
[INFO] (2026/04/24 03:21:22 PM) [CLS] [TXT] ...update client 23...  60% |████████████        | [3     /5]
[INFO] (2026/04/24 03:21:47 PM) [Client 26] loss: 1.02186166556728
[INFO] (2026/04/24 03:21:47 PM) [IMG+TXT] [IMG+TXT] ...update client 26...  60% |████████████        | [3     /5]
[INFO] (2026/04/24 03:22:05 PM) [Client 23] loss: 0.030659660417605525, acc1: 0.9812449104234527
[INFO] (2026/04/24 03:22:05 PM) [CLS] [TXT] ...update client 23...  80% |████████████████    | [4     /5]
[INFO] (2026/04/24 03:22:40 PM) [Client 26] loss: 0.7630377142747761
[INFO] (2026/04/24 03:22:40 PM) [IMG+TXT] [IMG+TXT] ...update client 26...  80% |████████████████    | [4     /5]
[INFO] (2026/04/24 03:22:49 PM) [Client 23] loss: 0.020941155067173915, acc1: 0.9835844191096634
[INFO] (2026/04/24 03:22:49 PM) [CLS] [TXT] ...update client 23... 100% |████████████████████| [5     /5]
[INFO] (2026/04/24 03:22:49 PM) [CLS] [TXT] ...update client 23... 100% |████████████████████| [5     /5]
[INFO] (2026/04/24 03:22:50 PM) [FedIFClient 23] fisher_keys=96
[INFO] (2026/04/24 03:22:50 PM) [IMG+TXT] [IMG+TXT] ...working on client 29... 
[INFO] (2026/04/24 03:23:26 PM) [Client 26] loss: 0.5880806599843774
[INFO] (2026/04/24 03:23:26 PM) [IMG+TXT] [IMG+TXT] ...update client 26... 100% |████████████████████| [5     /5]
[INFO] (2026/04/24 03:23:26 PM) [IMG+TXT] [IMG+TXT] ...update client 26... 100% |████████████████████| [5     /5]
[INFO] (2026/04/24 03:23:28 PM) [FedIFClient 26] fisher_keys=96
[INFO] (2026/04/24 03:23:33 PM) [Client 29] loss: 2.7045337154564537
[INFO] (2026/04/24 03:23:33 PM) [IMG+TXT] [IMG+TXT] ...update client 29...  20% |████                | [1     /5]
[INFO] (2026/04/24 03:24:10 PM) [Client 29] loss: 1.6755593017026205
[INFO] (2026/04/24 03:24:10 PM) [IMG+TXT] [IMG+TXT] ...update client 29...  40% |████████            | [2     /5]
[INFO] (2026/04/24 03:24:47 PM) [Client 29] loss: 1.1936552268949698
[INFO] (2026/04/24 03:24:47 PM) [IMG+TXT] [IMG+TXT] ...update client 29...  60% |████████████        | [3     /5]
[INFO] (2026/04/24 03:25:23 PM) [Client 29] loss: 0.8743182309186861
[INFO] (2026/04/24 03:25:23 PM) [IMG+TXT] [IMG+TXT] ...update client 29...  80% |████████████████    | [4     /5]
[INFO] (2026/04/24 03:26:00 PM) [Client 29] loss: 0.6665191313523648
[INFO] (2026/04/24 03:26:00 PM) [IMG+TXT] [IMG+TXT] ...update client 29... 100% |████████████████████| [5     /5]
[INFO] (2026/04/24 03:26:00 PM) [IMG+TXT] [IMG+TXT] ...update client 29... 100% |████████████████████| [5     /5]
[INFO] (2026/04/24 03:26:02 PM) [FedIFClient 29] fisher_keys=96
[INFO] (2026/04/24 03:26:02 PM) [FEDIF] [FLICKR30K] [Round: 0005] [UPDATE] [CLIENT] < 000029 > | loss: 0.6665 
[INFO] (2026/04/24 03:26:02 PM) [FEDIF] [FLICKR30K] [Round: 0005] [UPDATE] [CLIENT] < 000026 > | loss: 0.5881 
[INFO] (2026/04/24 03:26:02 PM) [FEDIF] [AG_NEWS] [Round: 0005] [UPDATE] [CLIENT] < 000023 > | loss: 0.0209 | acc1: 0.9836 
[INFO] (2026/04/24 03:26:02 PM) [FEDIF] [AG_NEWS] [Round: 0005] [UPDATE] [CLIENT] < 000022 > | loss: 0.0000 | acc1: 0.9965 
[INFO] (2026/04/24 03:26:02 PM) [FEDIF] [CIFAR100] [Round: 0005] [UPDATE] [CLIENT] < 000011 > | loss: 0.1018 | acc1: 0.9191 
[INFO] (2026/04/24 03:26:02 PM) [FEDIF] [AG_NEWS] [Round: 0005] [UPDATE] [CLIENT] < 000020 > | loss: 0.1530 | acc1: 0.8620 
[INFO] (2026/04/24 03:26:02 PM) [FEDIF] [CIFAR100] [Round: 0005] [UPDATE] [CLIENT] < 000007 > | loss: 0.0749 | acc1: 0.9515 
[INFO] (2026/04/24 03:26:02 PM) [FEDIF] [CIFAR100] [Round: 0005] [UPDATE] [CLIENT] < 000002 > | loss: 0.0645 | acc1: 0.9502 
[INFO] (2026/04/24 03:26:02 PM) [FEDIF] [COCO] [Round: 0005] [UPDATE] [SUMMARY] (8 clients):
    - Loss: Avg. (0.1429) Std. (0.2464) | Top 10% (0.1429) Std. (0.2464) | Bottom 10% (0.0000) Std. (0.0000)
[INFO] (2026/04/24 03:26:02 PM) [FEDIF] [Round: 0005] ...completed updates of 8 clients!
[INFO] (2026/04/24 03:26:11 PM) [FedIF] Top-10 Influential Clients (Stratified): ID26:0.9900, ID15:0.9000, ID22:0.9000, ID17:0.9000, ID11:0.9000, ID8:0.9000, ID28:0.8999, ID20:0.8066, ID14:0.6744, ID2:0.4788
[INFO] (2026/04/24 03:26:12 PM) [FEDIF] [FLICKR30K] [Round: 0005] Aggregate updated signals!
[INFO] (2026/04/24 03:26:12 PM) [FEDIF] [FLICKR30K] [Round: 0005] ...successfully aggregated into a new gloal model!
[INFO] (2026/04/24 03:26:24 PM) [FEDIF] [CIFAR100] [Round: 0005] [EVALUATE] [SERVER] | loss: 1.4623 | acc1: 0.6291 
[INFO] (2026/04/24 03:26:26 PM) [FEDIF] [AG_NEWS] [Round: 0005] [EVALUATE] [SERVER] | loss: 3.3162 | acc1: 0.2521 
[INFO] (2026/04/24 03:26:26 PM) extracting features...
[INFO] (2026/04/24 03:26:51 PM) evaluating 1-th fold
[INFO] (2026/04/24 03:26:52 PM) evaluating 2-th fold
[INFO] (2026/04/24 03:26:52 PM) evaluating 3-th fold
[INFO] (2026/04/24 03:26:52 PM) evaluating 4-th fold
[INFO] (2026/04/24 03:26:53 PM) evaluating 5-th fold
[INFO] (2026/04/24 03:26:53 PM) evaluating i2t...
[INFO] (2026/04/24 03:26:54 PM) evaluating t2i...
[INFO] (2026/04/24 03:26:56 PM) [FEDIF] [FLICKR30K] [Round: 0005] [EVALUATE] [SERVER] | Flickr30k1k_i2t_recall_1: 12.1200 | Flickr30k1k_i2t_recall_5: 30.7200 | Flickr30k1k_i2t_rsum: 84.7600 | Flickr30k1k_i2t_recall_10: 41.9200 | Flickr30k1k_t2i_recall_1: 7.8760 | Flickr30k1k_t2i_recall_5: 23.4880 | Flickr30k1k_t2i_rsum: 65.4320 | Flickr30k1k_t2i_recall_10: 34.0680 | Flickr30k 1k_rsum: 19.9960 | Flickr30k5k_i2t_recall_1: 4.2000 | Flickr30k5k_i2t_recall_5: 13.7600 | Flickr30k5k_i2t_rsum: 38.2800 | Flickr30k5k_i2t_recall_10: 20.3200 | Flickr30k5k_t2i_recall_1: 2.6200 | Flickr30k5k_t2i_recall_5: 9.1960 | Flickr30k5k_t2i_rsum: 26.1600 | Flickr30k5k_t2i_recall_10: 14.3440 | Flickr30k 5k_rsum: 6.8200 | Flickr30k rsum: 26.8160
[INFO] (2026/04/24 03:26:56 PM) [Lyapunov] r=6 avg_Q=0.354 max_Q=1.690 E_round=612.760 T_round=872.380
[INFO] (2026/04/24 03:26:56 PM) [FedIF][lyapunov] r=6 n=8 E_round=612.7599 T_round=872.3801
[INFO] (2026/04/24 03:26:56 PM) [FedIF] Selected Clients: [1, 6, 8, 12, 14, 17, 26, 30]
[INFO] (2026/04/24 03:26:56 PM) [FEDIF] [Round: 0006] Request updates to 8 clients!
[INFO] (2026/04/24 03:26:56 PM) [FEDIF] [Round: 0006] ...update clients... 100% |████████████████████| [8     /8]
[INFO] (2026/04/24 03:26:56 PM) [CLS] [IMG] ...working on client 6... 
[INFO] (2026/04/24 03:26:56 PM) [CLS] [IMG] ...working on client 1... 
[INFO] (2026/04/24 03:27:19 PM) [Client 1] loss: 0.5620025824040725, acc1: 0.8623874940786357
[INFO] (2026/04/24 03:27:19 PM) [CLS] [IMG] ...update client 1...  20% |████                | [1     /5]
[INFO] (2026/04/24 03:27:20 PM) [Client 6] loss: 0.620669080445746, acc1: 0.8514246947082768
[INFO] (2026/04/24 03:27:20 PM) [CLS] [IMG] ...update client 6...  20% |████                | [1     /5]
[INFO] (2026/04/24 03:27:35 PM) [Client 1] loss: 0.24002352659028042, acc1: 0.9009947891994315
[INFO] (2026/04/24 03:27:35 PM) [CLS] [IMG] ...update client 1...  40% |████████            | [2     /5]
[INFO] (2026/04/24 03:27:38 PM) [Client 6] loss: 0.1992278147113102, acc1: 0.9000452284034374
[INFO] (2026/04/24 03:27:38 PM) [CLS] [IMG] ...update client 6...  40% |████████            | [2     /5]
[INFO] (2026/04/24 03:27:58 PM) [Client 1] loss: 0.14042197991990185, acc1: 0.9213642823306489
[INFO] (2026/04/24 03:27:58 PM) [CLS] [IMG] ...update client 1...  60% |████████████        | [3     /5]
[INFO] (2026/04/24 03:28:02 PM) [Client 6] loss: 0.14181402055710918, acc1: 0.9209256746570179
[INFO] (2026/04/24 03:28:02 PM) [CLS] [IMG] ...update client 6...  60% |████████████        | [3     /5]
[INFO] (2026/04/24 03:28:20 PM) [Client 1] loss: 0.10336410042122607, acc1: 0.9350426338228328
[INFO] (2026/04/24 03:28:20 PM) [CLS] [IMG] ...update client 1...  80% |████████████████    | [4     /5]
[INFO] (2026/04/24 03:28:25 PM) [Client 6] loss: 0.11623969251708659, acc1: 0.933288104929896
[INFO] (2026/04/24 03:28:25 PM) [CLS] [IMG] ...update client 6...  80% |████████████████    | [4     /5]
[INFO] (2026/04/24 03:28:38 PM) [Client 1] loss: 0.0812202595714312, acc1: 0.9440075793462814
[INFO] (2026/04/24 03:28:38 PM) [CLS] [IMG] ...update client 1... 100% |████████████████████| [5     /5]
[INFO] (2026/04/24 03:28:38 PM) [CLS] [IMG] ...update client 1... 100% |████████████████████| [5     /5]
[INFO] (2026/04/24 03:28:40 PM) [FedIFClient 1] fisher_keys=96
[INFO] (2026/04/24 03:28:40 PM) [CLS] [IMG] ...working on client 8... 
[INFO] (2026/04/24 03:28:43 PM) [Client 6] loss: 0.08907674108423404, acc1: 0.9425146992311172
[INFO] (2026/04/24 03:28:43 PM) [CLS] [IMG] ...update client 6... 100% |████████████████████| [5     /5]
[INFO] (2026/04/24 03:28:43 PM) [CLS] [IMG] ...update client 6... 100% |████████████████████| [5     /5]
[INFO] (2026/04/24 03:28:44 PM) [FedIFClient 6] fisher_keys=96
[INFO] (2026/04/24 03:28:44 PM) [CLS] [TXT] ...working on client 12... 
[INFO] (2026/04/24 03:28:59 PM) [Client 8] loss: 0.4802528599946706, acc1: 0.8780487804878049
[INFO] (2026/04/24 03:28:59 PM) [CLS] [IMG] ...update client 8...  20% |████                | [1     /5]
[INFO] (2026/04/24 03:29:18 PM) [Client 8] loss: 0.1888768464472915, acc1: 0.9137223615226806
[INFO] (2026/04/24 03:29:18 PM) [CLS] [IMG] ...update client 8...  40% |████████            | [2     /5]
[INFO] (2026/04/24 03:29:32 PM) [Client 12] loss: 0.4409554183053981, acc1: 0.8332299512627381
[INFO] (2026/04/24 03:29:32 PM) [CLS] [TXT] ...update client 12...  20% |████                | [1     /5]
[INFO] (2026/04/24 03:29:38 PM) [Client 8] loss: 0.13489206479354957, acc1: 0.9303244434313502
[INFO] (2026/04/24 03:29:38 PM) [CLS] [IMG] ...update client 8...  60% |████████████        | [3     /5]
[INFO] (2026/04/24 03:29:57 PM) [Client 8] loss: 0.1224081789493452, acc1: 0.9391953498974243
[INFO] (2026/04/24 03:29:57 PM) [CLS] [IMG] ...update client 8...  80% |████████████████    | [4     /5]
[INFO] (2026/04/24 03:30:17 PM) [Client 8] loss: 0.11563888438774562, acc1: 0.9451105539092775
[INFO] (2026/04/24 03:30:17 PM) [CLS] [IMG] ...update client 8... 100% |████████████████████| [5     /5]
[INFO] (2026/04/24 03:30:17 PM) [CLS] [IMG] ...update client 8... 100% |████████████████████| [5     /5]
[INFO] (2026/04/24 03:30:18 PM) [FedIFClient 8] fisher_keys=96
[INFO] (2026/04/24 03:30:18 PM) [CLS] [TXT] ...working on client 14... 
[INFO] (2026/04/24 03:30:19 PM) [Client 14] loss: 1.9060139656066895, acc1: 0.5647058823529412
[INFO] (2026/04/24 03:30:19 PM) [CLS] [TXT] ...update client 14...  20% |████                | [1     /5]
[INFO] (2026/04/24 03:30:19 PM) [Client 14] loss: 1.4201602935791016, acc1: 0.3411764705882353
[INFO] (2026/04/24 03:30:19 PM) [CLS] [TXT] ...update client 14...  40% |████████            | [2     /5]
[INFO] (2026/04/24 03:30:19 PM) [Client 14] loss: 1.2001678943634033, acc1: 0.3333333333333333
[INFO] (2026/04/24 03:30:19 PM) [CLS] [TXT] ...update client 14...  60% |████████████        | [3     /5]
[INFO] (2026/04/24 03:30:19 PM) [Client 14] loss: 1.0551458597183228, acc1: 0.3382352941176471
[INFO] (2026/04/24 03:30:19 PM) [CLS] [TXT] ...update client 14...  80% |████████████████    | [4     /5]
[INFO] (2026/04/24 03:30:20 PM) [Client 14] loss: 0.9794325828552246, acc1: 0.3835294117647059
[INFO] (2026/04/24 03:30:20 PM) [CLS] [TXT] ...update client 14... 100% |████████████████████| [5     /5]
[INFO] (2026/04/24 03:30:20 PM) [CLS] [TXT] ...update client 14... 100% |████████████████████| [5     /5]
[INFO] (2026/04/24 03:30:20 PM) [Client 12] loss: 0.18506788737249943, acc1: 0.883761630482942
[INFO] (2026/04/24 03:30:20 PM) [CLS] [TXT] ...update client 12...  40% |████████            | [2     /5]
[INFO] (2026/04/24 03:30:20 PM) [FedIFClient 14] fisher_keys=96
[INFO] (2026/04/24 03:30:20 PM) [CLS] [TXT] ...working on client 17... 
[INFO] (2026/04/24 03:30:21 PM) [Client 17] loss: 1.3730663061141968, acc1: 0.52
[INFO] (2026/04/24 03:30:21 PM) [CLS] [TXT] ...update client 17...  20% |████                | [1     /5]
[INFO] (2026/04/24 03:30:21 PM) [Client 17] loss: 1.2429423332214355, acc1: 0.48
[INFO] (2026/04/24 03:30:21 PM) [CLS] [TXT] ...update client 17...  40% |████████            | [2     /5]
[INFO] (2026/04/24 03:30:21 PM) [Client 17] loss: 1.1062016487121582, acc1: 0.4666666666666667
[INFO] (2026/04/24 03:30:21 PM) [CLS] [TXT] ...update client 17...  60% |████████████        | [3     /5]
[INFO] (2026/04/24 03:30:21 PM) [Client 17] loss: 0.7628082036972046, acc1: 0.5425
[INFO] (2026/04/24 03:30:21 PM) [CLS] [TXT] ...update client 17...  80% |████████████████    | [4     /5]
[INFO] (2026/04/24 03:30:22 PM) [Client 17] loss: 0.8316813111305237, acc1: 0.546
[INFO] (2026/04/24 03:30:22 PM) [CLS] [TXT] ...update client 17... 100% |████████████████████| [5     /5]
[INFO] (2026/04/24 03:30:22 PM) [CLS] [TXT] ...update client 17... 100% |████████████████████| [5     /5]
[INFO] (2026/04/24 03:30:22 PM) [FedIFClient 17] fisher_keys=96
[INFO] (2026/04/24 03:30:23 PM) [IMG+TXT] [IMG+TXT] ...working on client 26... 
[INFO] (2026/04/24 03:30:54 PM) [Client 12] loss: 0.12443824319724335, acc1: 0.9083001033820706
[INFO] (2026/04/24 03:30:54 PM) [CLS] [TXT] ...update client 12...  60% |████████████        | [3     /5]
[INFO] (2026/04/24 03:31:15 PM) [Client 26] loss: 2.0001419735265475
[INFO] (2026/04/24 03:31:15 PM) [IMG+TXT] [IMG+TXT] ...update client 26...  20% |████                | [1     /5]
[INFO] (2026/04/24 03:31:28 PM) [Client 12] loss: 0.09126306116105605, acc1: 0.9234492689410723
[INFO] (2026/04/24 03:31:28 PM) [CLS] [TXT] ...update client 12...  80% |████████████████    | [4     /5]
[INFO] (2026/04/24 03:32:01 PM) [Client 12] loss: 0.07250694502532931, acc1: 0.9338856889676562
[INFO] (2026/04/24 03:32:01 PM) [CLS] [TXT] ...update client 12... 100% |████████████████████| [5     /5]
[INFO] (2026/04/24 03:32:01 PM) [CLS] [TXT] ...update client 12... 100% |████████████████████| [5     /5]
[INFO] (2026/04/24 03:32:02 PM) [FedIFClient 12] fisher_keys=96
[INFO] (2026/04/24 03:32:02 PM) [IMG+TXT] [IMG+TXT] ...working on client 30... 
[INFO] (2026/04/24 03:32:07 PM) [Client 26] loss: 1.1737262753011348
[INFO] (2026/04/24 03:32:07 PM) [IMG+TXT] [IMG+TXT] ...update client 26...  40% |████████            | [2     /5]
[INFO] (2026/04/24 03:32:43 PM) [Client 30] loss: 2.4090001622138666
[INFO] (2026/04/24 03:32:43 PM) [IMG+TXT] [IMG+TXT] ...update client 30...  20% |████                | [1     /5]
[INFO] (2026/04/24 03:32:50 PM) [Client 26] loss: 0.8153410000599168
[INFO] (2026/04/24 03:32:50 PM) [IMG+TXT] [IMG+TXT] ...update client 26...  60% |████████████        | [3     /5]
[INFO] (2026/04/24 03:33:26 PM) [Client 30] loss: 1.4417160732704297
[INFO] (2026/04/24 03:33:26 PM) [IMG+TXT] [IMG+TXT] ...update client 30...  40% |████████            | [2     /5]
[INFO] (2026/04/24 03:33:33 PM) [Client 26] loss: 0.6251791166171965
[INFO] (2026/04/24 03:33:33 PM) [IMG+TXT] [IMG+TXT] ...update client 26...  80% |████████████████    | [4     /5]
[INFO] (2026/04/24 03:34:08 PM) [Client 30] loss: 1.0164010618862354
[INFO] (2026/04/24 03:34:08 PM) [IMG+TXT] [IMG+TXT] ...update client 30...  60% |████████████        | [3     /5]
[INFO] (2026/04/24 03:34:16 PM) [Client 26] loss: 0.47833358996854153
[INFO] (2026/04/24 03:34:16 PM) [IMG+TXT] [IMG+TXT] ...update client 26... 100% |████████████████████| [5     /5]
[INFO] (2026/04/24 03:34:16 PM) [IMG+TXT] [IMG+TXT] ...update client 26... 100% |████████████████████| [5     /5]
[INFO] (2026/04/24 03:34:19 PM) [FedIFClient 26] fisher_keys=96
[INFO] (2026/04/24 03:34:45 PM) [Client 30] loss: 0.7302910097161232
[INFO] (2026/04/24 03:34:45 PM) [IMG+TXT] [IMG+TXT] ...update client 30...  80% |████████████████    | [4     /5]
[INFO] (2026/04/24 03:35:22 PM) [Client 30] loss: 0.5856275323887318
[INFO] (2026/04/24 03:35:22 PM) [IMG+TXT] [IMG+TXT] ...update client 30... 100% |████████████████████| [5     /5]
[INFO] (2026/04/24 03:35:22 PM) [IMG+TXT] [IMG+TXT] ...update client 30... 100% |████████████████████| [5     /5]
[INFO] (2026/04/24 03:35:24 PM) [FedIFClient 30] fisher_keys=96
[INFO] (2026/04/24 03:35:24 PM) [FEDIF] [FLICKR30K] [Round: 0006] [UPDATE] [CLIENT] < 000030 > | loss: 0.5856 
[INFO] (2026/04/24 03:35:24 PM) [FEDIF] [FLICKR30K] [Round: 0006] [UPDATE] [CLIENT] < 000026 > | loss: 0.4783 
[INFO] (2026/04/24 03:35:24 PM) [FEDIF] [AG_NEWS] [Round: 0006] [UPDATE] [CLIENT] < 000012 > | loss: 0.0725 | acc1: 0.9339 
[INFO] (2026/04/24 03:35:24 PM) [FEDIF] [AG_NEWS] [Round: 0006] [UPDATE] [CLIENT] < 000017 > | loss: 0.8317 | acc1: 0.5460 
[INFO] (2026/04/24 03:35:24 PM) [FEDIF] [AG_NEWS] [Round: 0006] [UPDATE] [CLIENT] < 000014 > | loss: 0.9794 | acc1: 0.3835 
[INFO] (2026/04/24 03:35:24 PM) [FEDIF] [CIFAR100] [Round: 0006] [UPDATE] [CLIENT] < 000008 > | loss: 0.1156 | acc1: 0.9451 
[INFO] (2026/04/24 03:35:24 PM) [FEDIF] [CIFAR100] [Round: 0006] [UPDATE] [CLIENT] < 000006 > | loss: 0.0891 | acc1: 0.9425 
[INFO] (2026/04/24 03:35:24 PM) [FEDIF] [CIFAR100] [Round: 0006] [UPDATE] [CLIENT] < 000001 > | loss: 0.0812 | acc1: 0.9440 
[INFO] (2026/04/24 03:35:24 PM) [FEDIF] [COCO] [Round: 0006] [UPDATE] [SUMMARY] (8 clients):
    - Loss: Avg. (0.1981) Std. (0.3444) | Top 10% (0.1981) Std. (0.3444) | Bottom 10% (0.0725) Std. (0.0000)
[INFO] (2026/04/24 03:35:24 PM) [FEDIF] [Round: 0006] ...completed updates of 8 clients!
[INFO] (2026/04/24 03:35:33 PM) [FedIF] Top-10 Influential Clients (Stratified): ID17:0.9900, ID15:0.9000, ID22:0.9000, ID11:0.9000, ID6:0.9000, ID30:0.9000, ID28:0.8999, ID20:0.8066, ID1:0.7693, ID2:0.4788
[INFO] (2026/04/24 03:35:34 PM) [FEDIF] [FLICKR30K] [Round: 0006] Aggregate updated signals!
[INFO] (2026/04/24 03:35:34 PM) [FEDIF] [FLICKR30K] [Round: 0006] ...successfully aggregated into a new gloal model!
[INFO] (2026/04/24 03:35:47 PM) [FEDIF] [CIFAR100] [Round: 0006] [EVALUATE] [SERVER] | loss: 1.2616 | acc1: 0.6901 
[INFO] (2026/04/24 03:35:48 PM) [FEDIF] [AG_NEWS] [Round: 0006] [EVALUATE] [SERVER] | loss: 1.2261 | acc1: 0.4222 
[INFO] (2026/04/24 03:35:48 PM) extracting features...
[INFO] (2026/04/24 03:36:14 PM) evaluating 1-th fold
[INFO] (2026/04/24 03:36:14 PM) evaluating 2-th fold
[INFO] (2026/04/24 03:36:15 PM) evaluating 3-th fold
[INFO] (2026/04/24 03:36:15 PM) evaluating 4-th fold
[INFO] (2026/04/24 03:36:16 PM) evaluating 5-th fold
[INFO] (2026/04/24 03:36:16 PM) evaluating i2t...
[INFO] (2026/04/24 03:36:17 PM) evaluating t2i...
[INFO] (2026/04/24 03:36:19 PM) [FEDIF] [FLICKR30K] [Round: 0006] [EVALUATE] [SERVER] | Flickr30k1k_i2t_recall_1: 16.4200 | Flickr30k1k_i2t_recall_5: 38.2200 | Flickr30k1k_i2t_rsum: 105.0600 | Flickr30k1k_i2t_recall_10: 50.4200 | Flickr30k1k_t2i_recall_1: 11.0880 | Flickr30k1k_t2i_recall_5: 30.0720 | Flickr30k1k_t2i_rsum: 83.1240 | Flickr30k1k_t2i_recall_10: 41.9640 | Flickr30k 1k_rsum: 27.5080 | Flickr30k5k_i2t_recall_1: 6.5400 | Flickr30k5k_i2t_recall_5: 18.4000 | Flickr30k5k_i2t_rsum: 52.0600 | Flickr30k5k_i2t_recall_10: 27.1200 | Flickr30k5k_t2i_recall_1: 4.2280 | Flickr30k5k_t2i_recall_5: 12.9200 | Flickr30k5k_t2i_rsum: 36.7000 | Flickr30k5k_t2i_recall_10: 19.5520 | Flickr30k 5k_rsum: 10.7680 | Flickr30k rsum: 38.2760
[INFO] (2026/04/24 03:36:19 PM) [Lyapunov] r=7 avg_Q=0.417 max_Q=1.617 E_round=693.630 T_round=735.943
[INFO] (2026/04/24 03:36:19 PM) [FedIF][lyapunov] r=7 n=8 E_round=693.6300 T_round=735.9431
[INFO] (2026/04/24 03:36:19 PM) [FedIF] Selected Clients: [0, 5, 6, 14, 17, 21, 28, 30]
[INFO] (2026/04/24 03:36:19 PM) [FEDIF] [Round: 0007] Request updates to 8 clients!
[INFO] (2026/04/24 03:36:19 PM) [FEDIF] [Round: 0007] ...update clients... 100% |████████████████████| [8     /8]
[INFO] (2026/04/24 03:36:19 PM) [CLS] [IMG] ...working on client 0... 
[INFO] (2026/04/24 03:36:19 PM) [CLS] [IMG] ...working on client 5... 
[INFO] (2026/04/24 03:36:42 PM) [Client 0] loss: 0.3656827722541906, acc1: 0.9071325993298229
[INFO] (2026/04/24 03:36:42 PM) [CLS] [IMG] ...update client 0...  20% |████                | [1     /5]
[INFO] (2026/04/24 03:36:42 PM) [Client 5] loss: 0.41197132954994836, acc1: 0.8911904761904762
[INFO] (2026/04/24 03:36:42 PM) [CLS] [IMG] ...update client 5...  20% |████                | [1     /5]
[INFO] (2026/04/24 03:37:05 PM) [Client 5] loss: 0.14594385037819543, acc1: 0.9254761904761905
[INFO] (2026/04/24 03:37:05 PM) [CLS] [IMG] ...update client 5...  40% |████████            | [2     /5]
[INFO] (2026/04/24 03:37:05 PM) [Client 0] loss: 0.14098030511716042, acc1: 0.9348970799425562
[INFO] (2026/04/24 03:37:05 PM) [CLS] [IMG] ...update client 0...  40% |████████            | [2     /5]
[INFO] (2026/04/24 03:37:27 PM) [Client 5] loss: 0.09300596783558528, acc1: 0.9423809523809524
[INFO] (2026/04/24 03:37:27 PM) [CLS] [IMG] ...update client 5...  60% |████████████        | [3     /5]
[INFO] (2026/04/24 03:37:27 PM) [Client 0] loss: 0.0768024952018472, acc1: 0.9503749800542525
[INFO] (2026/04/24 03:37:27 PM) [CLS] [IMG] ...update client 0...  60% |████████████        | [3     /5]
[INFO] (2026/04/24 03:37:50 PM) [Client 5] loss: 0.08202549338340759, acc1: 0.9508333333333333
[INFO] (2026/04/24 03:37:50 PM) [CLS] [IMG] ...update client 5...  80% |████████████████    | [4     /5]
[INFO] (2026/04/24 03:37:50 PM) [Client 0] loss: 0.06542101911504969, acc1: 0.9590114887505984
[INFO] (2026/04/24 03:37:50 PM) [CLS] [IMG] ...update client 0...  80% |████████████████    | [4     /5]
[INFO] (2026/04/24 03:38:13 PM) [Client 5] loss: 0.07687542483210563, acc1: 0.9566666666666667
[INFO] (2026/04/24 03:38:13 PM) [CLS] [IMG] ...update client 5... 100% |████████████████████| [5     /5]
[INFO] (2026/04/24 03:38:13 PM) [CLS] [IMG] ...update client 5... 100% |████████████████████| [5     /5]
[INFO] (2026/04/24 03:38:13 PM) [Client 0] loss: 0.061862127833129, acc1: 0.9640976543800862
[INFO] (2026/04/24 03:38:13 PM) [CLS] [IMG] ...update client 0... 100% |████████████████████| [5     /5]
[INFO] (2026/04/24 03:38:13 PM) [CLS] [IMG] ...update client 0... 100% |████████████████████| [5     /5]
[INFO] (2026/04/24 03:38:15 PM) [FedIFClient 0] fisher_keys=96
[INFO] (2026/04/24 03:38:15 PM) [FedIFClient 5] fisher_keys=96
[INFO] (2026/04/24 03:38:15 PM) [CLS] [IMG] ...working on client 6... 
[INFO] (2026/04/24 03:38:15 PM) [CLS] [TXT] ...working on client 14... 
[INFO] (2026/04/24 03:38:15 PM) [Client 14] loss: 1.653826355934143, acc1: 0.10588235294117647
[INFO] (2026/04/24 03:38:15 PM) [CLS] [TXT] ...update client 14...  20% |████                | [1     /5]
[INFO] (2026/04/24 03:38:16 PM) [Client 14] loss: 0.6245598793029785, acc1: 0.49411764705882355
[INFO] (2026/04/24 03:38:16 PM) [CLS] [TXT] ...update client 14...  40% |████████            | [2     /5]
[INFO] (2026/04/24 03:38:16 PM) [Client 14] loss: 0.6301448345184326, acc1: 0.6078431372549019
[INFO] (2026/04/24 03:38:16 PM) [CLS] [TXT] ...update client 14...  60% |████████████        | [3     /5]
[INFO] (2026/04/24 03:38:16 PM) [Client 14] loss: 0.653599739074707, acc1: 0.6735294117647059
[INFO] (2026/04/24 03:38:16 PM) [CLS] [TXT] ...update client 14...  80% |████████████████    | [4     /5]
[INFO] (2026/04/24 03:38:16 PM) [Client 14] loss: 0.5732322931289673, acc1: 0.7152941176470589
[INFO] (2026/04/24 03:38:16 PM) [CLS] [TXT] ...update client 14... 100% |████████████████████| [5     /5]
[INFO] (2026/04/24 03:38:16 PM) [CLS] [TXT] ...update client 14... 100% |████████████████████| [5     /5]
[INFO] (2026/04/24 03:38:17 PM) [FedIFClient 14] fisher_keys=96
[INFO] (2026/04/24 03:38:17 PM) [CLS] [TXT] ...working on client 17... 
[INFO] (2026/04/24 03:38:17 PM) [Client 17] loss: 0.9692952036857605, acc1: 0.47
[INFO] (2026/04/24 03:38:17 PM) [CLS] [TXT] ...update client 17...  20% |████                | [1     /5]
[INFO] (2026/04/24 03:38:18 PM) [Client 17] loss: 0.6069421172142029, acc1: 0.59
[INFO] (2026/04/24 03:38:18 PM) [CLS] [TXT] ...update client 17...  40% |████████            | [2     /5]
[INFO] (2026/04/24 03:38:18 PM) [Client 17] loss: 0.43179944157600403, acc1: 0.68
[INFO] (2026/04/24 03:38:18 PM) [CLS] [TXT] ...update client 17...  60% |████████████        | [3     /5]
[INFO] (2026/04/24 03:38:18 PM) [Client 17] loss: 0.47467637062072754, acc1: 0.73
[INFO] (2026/04/24 03:38:18 PM) [CLS] [TXT] ...update client 17...  80% |████████████████    | [4     /5]
[INFO] (2026/04/24 03:38:18 PM) [Client 17] loss: 0.4554240107536316, acc1: 0.762
[INFO] (2026/04/24 03:38:18 PM) [CLS] [TXT] ...update client 17... 100% |████████████████████| [5     /5]
[INFO] (2026/04/24 03:38:18 PM) [CLS] [TXT] ...update client 17... 100% |████████████████████| [5     /5]
[INFO] (2026/04/24 03:38:19 PM) [FedIFClient 17] fisher_keys=96
[INFO] (2026/04/24 03:38:19 PM) [CLS] [TXT] ...working on client 21... 
[INFO] (2026/04/24 03:38:26 PM) [Client 21] loss: 0.6068332877725733, acc1: 0.7546989487097802
[INFO] (2026/04/24 03:38:26 PM) [CLS] [TXT] ...update client 21...  20% |████                | [1     /5]
[INFO] (2026/04/24 03:38:33 PM) [Client 21] loss: 0.2626734744431347, acc1: 0.835297865562281
[INFO] (2026/04/24 03:38:33 PM) [CLS] [TXT] ...update client 21...  40% |████████            | [2     /5]
[INFO] (2026/04/24 03:38:35 PM) [Client 6] loss: 0.30907672565482636, acc1: 0.9269561284486658
[INFO] (2026/04/24 03:38:35 PM) [CLS] [IMG] ...update client 6...  20% |████                | [1     /5]
[INFO] (2026/04/24 03:38:40 PM) [Client 21] loss: 0.1299936346607072, acc1: 0.8775618562174791
[INFO] (2026/04/24 03:38:40 PM) [CLS] [TXT] ...update client 21...  60% |████████████        | [3     /5]
[INFO] (2026/04/24 03:38:46 PM) [Client 21] loss: 0.060660990099437095, acc1: 0.9039503026441542
[INFO] (2026/04/24 03:38:46 PM) [CLS] [TXT] ...update client 21...  80% |████████████████    | [4     /5]
[INFO] (2026/04/24 03:38:53 PM) [Client 21] loss: 0.04975863477544798, acc1: 0.9201019432940427
[INFO] (2026/04/24 03:38:53 PM) [CLS] [TXT] ...update client 21... 100% |████████████████████| [5     /5]
[INFO] (2026/04/24 03:38:53 PM) [CLS] [TXT] ...update client 21... 100% |████████████████████| [5     /5]
[INFO] (2026/04/24 03:38:54 PM) [FedIFClient 21] fisher_keys=96
[INFO] (2026/04/24 03:38:54 PM) [IMG+TXT] [IMG+TXT] ...working on client 28... 
[INFO] (2026/04/24 03:38:54 PM) [Client 6] loss: 0.12911569631407024, acc1: 0.9470827679782904
[INFO] (2026/04/24 03:38:54 PM) [CLS] [IMG] ...update client 6...  40% |████████            | [2     /5]
[INFO] (2026/04/24 03:39:12 PM) [Client 6] loss: 0.1138728979093788, acc1: 0.9549977385798282
[INFO] (2026/04/24 03:39:12 PM) [CLS] [IMG] ...update client 6...  60% |████████████        | [3     /5]
[INFO] (2026/04/24 03:39:30 PM) [Client 6] loss: 0.08181157389723948, acc1: 0.9610470375395749
[INFO] (2026/04/24 03:39:30 PM) [CLS] [IMG] ...update client 6...  80% |████████████████    | [4     /5]
[INFO] (2026/04/24 03:39:41 PM) [Client 28] loss: 1.7427159198271758
[INFO] (2026/04/24 03:39:41 PM) [IMG+TXT] [IMG+TXT] ...update client 28...  20% |████                | [1     /5]
[INFO] (2026/04/24 03:39:48 PM) [Client 6] loss: 0.06682190738790232, acc1: 0.9659430122116689
[INFO] (2026/04/24 03:39:48 PM) [CLS] [IMG] ...update client 6... 100% |████████████████████| [5     /5]
[INFO] (2026/04/24 03:39:48 PM) [CLS] [IMG] ...update client 6... 100% |████████████████████| [5     /5]
[INFO] (2026/04/24 03:39:49 PM) [FedIFClient 6] fisher_keys=96
[INFO] (2026/04/24 03:39:49 PM) [IMG+TXT] [IMG+TXT] ...working on client 30... 
[INFO] (2026/04/24 03:40:23 PM) [Client 28] loss: 1.0087295873267053
[INFO] (2026/04/24 03:40:23 PM) [IMG+TXT] [IMG+TXT] ...update client 28...  40% |████████            | [2     /5]
[INFO] (2026/04/24 03:40:30 PM) [Client 30] loss: 1.8598236243627224
[INFO] (2026/04/24 03:40:30 PM) [IMG+TXT] [IMG+TXT] ...update client 30...  20% |████                | [1     /5]
[INFO] (2026/04/24 03:41:06 PM) [Client 28] loss: 0.71779972637589
[INFO] (2026/04/24 03:41:06 PM) [IMG+TXT] [IMG+TXT] ...update client 28...  60% |████████████        | [3     /5]
[INFO] (2026/04/24 03:41:12 PM) [Client 30] loss: 1.055869111540722
[INFO] (2026/04/24 03:41:12 PM) [IMG+TXT] [IMG+TXT] ...update client 30...  40% |████████            | [2     /5]
[INFO] (2026/04/24 03:41:46 PM) [Client 28] loss: 0.551780025869583
[INFO] (2026/04/24 03:41:46 PM) [IMG+TXT] [IMG+TXT] ...update client 28...  80% |████████████████    | [4     /5]
[INFO] (2026/04/24 03:41:53 PM) [Client 30] loss: 0.7439102062704968
[INFO] (2026/04/24 03:41:53 PM) [IMG+TXT] [IMG+TXT] ...update client 30...  60% |████████████        | [3     /5]
[INFO] (2026/04/24 03:42:29 PM) [Client 28] loss: 0.4304625655709448
[INFO] (2026/04/24 03:42:29 PM) [IMG+TXT] [IMG+TXT] ...update client 28... 100% |████████████████████| [5     /5]
[INFO] (2026/04/24 03:42:29 PM) [IMG+TXT] [IMG+TXT] ...update client 28... 100% |████████████████████| [5     /5]
[INFO] (2026/04/24 03:42:31 PM) [FedIFClient 28] fisher_keys=96
[INFO] (2026/04/24 03:42:36 PM) [Client 30] loss: 0.5568832118260233
[INFO] (2026/04/24 03:42:36 PM) [IMG+TXT] [IMG+TXT] ...update client 30...  80% |████████████████    | [4     /5]
[INFO] (2026/04/24 03:43:12 PM) [Client 30] loss: 0.43889889269195803
[INFO] (2026/04/24 03:43:12 PM) [IMG+TXT] [IMG+TXT] ...update client 30... 100% |████████████████████| [5     /5]
[INFO] (2026/04/24 03:43:12 PM) [IMG+TXT] [IMG+TXT] ...update client 30... 100% |████████████████████| [5     /5]
[INFO] (2026/04/24 03:43:14 PM) [FedIFClient 30] fisher_keys=96
[INFO] (2026/04/24 03:43:14 PM) [FEDIF] [FLICKR30K] [Round: 0007] [UPDATE] [CLIENT] < 000030 > | loss: 0.4389 
[INFO] (2026/04/24 03:43:14 PM) [FEDIF] [FLICKR30K] [Round: 0007] [UPDATE] [CLIENT] < 000028 > | loss: 0.4305 
[INFO] (2026/04/24 03:43:14 PM) [FEDIF] [CIFAR100] [Round: 0007] [UPDATE] [CLIENT] < 000006 > | loss: 0.0668 | acc1: 0.9659 
[INFO] (2026/04/24 03:43:14 PM) [FEDIF] [AG_NEWS] [Round: 0007] [UPDATE] [CLIENT] < 000021 > | loss: 0.0498 | acc1: 0.9201 
[INFO] (2026/04/24 03:43:14 PM) [FEDIF] [AG_NEWS] [Round: 0007] [UPDATE] [CLIENT] < 000017 > | loss: 0.4554 | acc1: 0.7620 
[INFO] (2026/04/24 03:43:14 PM) [FEDIF] [AG_NEWS] [Round: 0007] [UPDATE] [CLIENT] < 000014 > | loss: 0.5732 | acc1: 0.7153 
[INFO] (2026/04/24 03:43:14 PM) [FEDIF] [CIFAR100] [Round: 0007] [UPDATE] [CLIENT] < 000005 > | loss: 0.0769 | acc1: 0.9567 
[INFO] (2026/04/24 03:43:14 PM) [FEDIF] [CIFAR100] [Round: 0007] [UPDATE] [CLIENT] < 000000 > | loss: 0.0619 | acc1: 0.9641 
[INFO] (2026/04/24 03:43:14 PM) [FEDIF] [COCO] [Round: 0007] [UPDATE] [SUMMARY] (8 clients):
    - Loss: Avg. (0.2252) Std. (0.2095) | Top 10% (0.2252) Std. (0.2095) | Bottom 10% (0.0498) Std. (0.0000)
[INFO] (2026/04/24 03:43:14 PM) [FEDIF] [Round: 0007] ...completed updates of 8 clients!
[INFO] (2026/04/24 03:43:23 PM) [FedIF] Top-10 Influential Clients (Stratified): ID30:0.9900, ID14:0.9400, ID5:0.9045, ID15:0.9000, ID22:0.9000, ID11:0.9000, ID20:0.8066, ID1:0.7693, ID0:0.6243, ID2:0.4788
[INFO] (2026/04/24 03:43:24 PM) [FEDIF] [FLICKR30K] [Round: 0007] Aggregate updated signals!
[INFO] (2026/04/24 03:43:24 PM) [FEDIF] [FLICKR30K] [Round: 0007] ...successfully aggregated into a new gloal model!
[INFO] (2026/04/24 03:43:37 PM) [FEDIF] [CIFAR100] [Round: 0007] [EVALUATE] [SERVER] | loss: 1.3551 | acc1: 0.6751 
[INFO] (2026/04/24 03:43:38 PM) [FEDIF] [AG_NEWS] [Round: 0007] [EVALUATE] [SERVER] | loss: 0.8605 | acc1: 0.5879 
[INFO] (2026/04/24 03:43:38 PM) extracting features...
[INFO] (2026/04/24 03:44:05 PM) evaluating 1-th fold
[INFO] (2026/04/24 03:44:05 PM) evaluating 2-th fold
[INFO] (2026/04/24 03:44:05 PM) evaluating 3-th fold
[INFO] (2026/04/24 03:44:06 PM) evaluating 4-th fold
[INFO] (2026/04/24 03:44:06 PM) evaluating 5-th fold
[INFO] (2026/04/24 03:44:07 PM) evaluating i2t...
[INFO] (2026/04/24 03:44:08 PM) evaluating t2i...
[INFO] (2026/04/24 03:44:09 PM) [FEDIF] [FLICKR30K] [Round: 0007] [EVALUATE] [SERVER] | Flickr30k1k_i2t_recall_1: 20.9600 | Flickr30k1k_i2t_recall_5: 44.0400 | Flickr30k1k_i2t_rsum: 122.2200 | Flickr30k1k_i2t_recall_10: 57.2200 | Flickr30k1k_t2i_recall_1: 14.3120 | Flickr30k1k_t2i_recall_5: 35.8360 | Flickr30k1k_t2i_rsum: 97.9000 | Flickr30k1k_t2i_recall_10: 47.7520 | Flickr30k 1k_rsum: 35.2720 | Flickr30k5k_i2t_recall_1: 8.3800 | Flickr30k5k_i2t_recall_5: 23.4600 | Flickr30k5k_i2t_rsum: 64.2800 | Flickr30k5k_i2t_recall_10: 32.4400 | Flickr30k5k_t2i_recall_1: 5.7280 | Flickr30k5k_t2i_recall_5: 16.5360 | Flickr30k5k_t2i_rsum: 46.2960 | Flickr30k5k_t2i_recall_10: 24.0320 | Flickr30k 5k_rsum: 14.1080 | Flickr30k rsum: 49.3800
[INFO] (2026/04/24 03:44:10 PM) [Lyapunov] r=8 avg_Q=0.465 max_Q=2.059 E_round=696.204 T_round=844.208
[INFO] (2026/04/24 03:44:10 PM) [FedIF][lyapunov] r=8 n=8 E_round=696.2044 T_round=844.2083
[INFO] (2026/04/24 03:44:10 PM) [FedIF] Selected Clients: [1, 2, 10, 14, 16, 21, 25, 27]
[INFO] (2026/04/24 03:44:10 PM) [FEDIF] [Round: 0008] Request updates to 8 clients!
[INFO] (2026/04/24 03:44:10 PM) [FEDIF] [Round: 0008] ...update clients... 100% |████████████████████| [8     /8]
[INFO] (2026/04/24 03:44:10 PM) [CLS] [IMG] ...working on client 2... 
[INFO] (2026/04/24 03:44:10 PM) [CLS] [IMG] ...working on client 1... 
[INFO] (2026/04/24 03:44:31 PM) [Client 1] loss: 0.42325466077144763, acc1: 0.8936522974893415
[INFO] (2026/04/24 03:44:31 PM) [CLS] [IMG] ...update client 1...  20% |████                | [1     /5]
[INFO] (2026/04/24 03:44:31 PM) [Client 2] loss: 0.3194038303214932, acc1: 0.9173829990448902
[INFO] (2026/04/24 03:44:31 PM) [CLS] [IMG] ...update client 2...  20% |████                | [1     /5]
[INFO] (2026/04/24 03:44:53 PM) [Client 1] loss: 0.15843956752700977, acc1: 0.9262198010421601
[INFO] (2026/04/24 03:44:53 PM) [CLS] [IMG] ...update client 1...  40% |████████            | [2     /5]
[INFO] (2026/04/24 03:44:53 PM) [Client 2] loss: 0.12779048621679417, acc1: 0.941738299904489
[INFO] (2026/04/24 03:44:53 PM) [CLS] [IMG] ...update client 2...  40% |████████            | [2     /5]
[INFO] (2026/04/24 03:45:16 PM) [Client 2] loss: 0.07551937225099507, acc1: 0.9545526902260426
[INFO] (2026/04/24 03:45:16 PM) [CLS] [IMG] ...update client 2...  60% |████████████        | [3     /5]
[INFO] (2026/04/24 03:45:16 PM) [Client 1] loss: 0.10824994903811343, acc1: 0.9418127269856308
[INFO] (2026/04/24 03:45:16 PM) [CLS] [IMG] ...update client 1...  60% |████████████        | [3     /5]
[INFO] (2026/04/24 03:45:39 PM) [Client 2] loss: 0.06749673730692868, acc1: 0.9608404966571156
[INFO] (2026/04/24 03:45:39 PM) [CLS] [IMG] ...update client 2...  80% |████████████████    | [4     /5]
[INFO] (2026/04/24 03:45:39 PM) [Client 1] loss: 0.08883613744006796, acc1: 0.9507934628138323
[INFO] (2026/04/24 03:45:39 PM) [CLS] [IMG] ...update client 1...  80% |████████████████    | [4     /5]
[INFO] (2026/04/24 03:46:01 PM) [Client 2] loss: 0.0628738259894857, acc1: 0.9659980897803248
[INFO] (2026/04/24 03:46:01 PM) [CLS] [IMG] ...update client 2... 100% |████████████████████| [5     /5]
[INFO] (2026/04/24 03:46:01 PM) [CLS] [IMG] ...update client 2... 100% |████████████████████| [5     /5]
[INFO] (2026/04/24 03:46:01 PM) [Client 1] loss: 0.06798051352061646, acc1: 0.9575082899099953
[INFO] (2026/04/24 03:46:01 PM) [CLS] [IMG] ...update client 1... 100% |████████████████████| [5     /5]
[INFO] (2026/04/24 03:46:01 PM) [CLS] [IMG] ...update client 1... 100% |████████████████████| [5     /5]
[INFO] (2026/04/24 03:46:04 PM) [FedIFClient 2] fisher_keys=96
[INFO] (2026/04/24 03:46:04 PM) [FedIFClient 1] fisher_keys=96
[INFO] (2026/04/24 03:46:04 PM) [CLS] [IMG] ...working on client 10... 
[INFO] (2026/04/24 03:46:04 PM) [CLS] [TXT] ...working on client 14... 
[INFO] (2026/04/24 03:46:04 PM) [Client 14] loss: 1.135741949081421, acc1: 0.2823529411764706
[INFO] (2026/04/24 03:46:04 PM) [CLS] [TXT] ...update client 14...  20% |████                | [1     /5]
[INFO] (2026/04/24 03:46:05 PM) [Client 14] loss: 0.3883248269557953, acc1: 0.5941176470588235
[INFO] (2026/04/24 03:46:05 PM) [CLS] [TXT] ...update client 14...  40% |████████            | [2     /5]
[INFO] (2026/04/24 03:46:05 PM) [Client 14] loss: 0.39659905433654785, acc1: 0.6980392156862745
[INFO] (2026/04/24 03:46:05 PM) [CLS] [TXT] ...update client 14...  60% |████████████        | [3     /5]
[INFO] (2026/04/24 03:46:05 PM) [Client 14] loss: 0.39146527647972107, acc1: 0.75
[INFO] (2026/04/24 03:46:05 PM) [CLS] [TXT] ...update client 14...  80% |████████████████    | [4     /5]
[INFO] (2026/04/24 03:46:05 PM) [Client 14] loss: 0.31875714659690857, acc1: 0.7905882352941176
[INFO] (2026/04/24 03:46:05 PM) [CLS] [TXT] ...update client 14... 100% |████████████████████| [5     /5]
[INFO] (2026/04/24 03:46:05 PM) [CLS] [TXT] ...update client 14... 100% |████████████████████| [5     /5]
[INFO] (2026/04/24 03:46:06 PM) [FedIFClient 14] fisher_keys=96
[INFO] (2026/04/24 03:46:06 PM) [CLS] [TXT] ...working on client 16... 
[INFO] (2026/04/24 03:46:22 PM) [Client 10] loss: 0.5183330521536363, acc1: 0.874718115760461
[INFO] (2026/04/24 03:46:22 PM) [CLS] [IMG] ...update client 10...  20% |████                | [1     /5]
[INFO] (2026/04/24 03:46:40 PM) [Client 10] loss: 0.15252759298288682, acc1: 0.919569030318216
[INFO] (2026/04/24 03:46:40 PM) [CLS] [IMG] ...update client 10...  40% |████████            | [2     /5]
[INFO] (2026/04/24 03:46:57 PM) [Client 10] loss: 0.11960387989725574, acc1: 0.9367744090871126
[INFO] (2026/04/24 03:46:57 PM) [CLS] [IMG] ...update client 10...  60% |████████████        | [3     /5]
[INFO] (2026/04/24 03:47:00 PM) [Client 16] loss: 0.018247438950106526, acc1: 0.9959258974556077
[INFO] (2026/04/24 03:47:00 PM) [CLS] [TXT] ...update client 16...  20% |████                | [1     /5]
[INFO] (2026/04/24 03:47:15 PM) [Client 10] loss: 0.09324531515337298, acc1: 0.9476321723878727
[INFO] (2026/04/24 03:47:15 PM) [CLS] [IMG] ...update client 10...  80% |████████████████    | [4     /5]
[INFO] (2026/04/24 03:47:33 PM) [Client 10] loss: 0.07085684290567874, acc1: 0.9547982961663743
[INFO] (2026/04/24 03:47:33 PM) [CLS] [IMG] ...update client 10... 100% |████████████████████| [5     /5]
[INFO] (2026/04/24 03:47:33 PM) [CLS] [IMG] ...update client 10... 100% |████████████████████| [5     /5]
[INFO] (2026/04/24 03:47:34 PM) [FedIFClient 10] fisher_keys=96
[INFO] (2026/04/24 03:47:34 PM) [CLS] [TXT] ...working on client 21... 
[INFO] (2026/04/24 03:47:42 PM) [Client 21] loss: 0.3374058432680059, acc1: 0.8706594456833386
[INFO] (2026/04/24 03:47:42 PM) [CLS] [TXT] ...update client 21...  20% |████                | [1     /5]
[INFO] (2026/04/24 03:47:50 PM) [Client 21] loss: 0.11242266042634498, acc1: 0.918445364765849
[INFO] (2026/04/24 03:47:50 PM) [CLS] [TXT] ...update client 21...  40% |████████            | [2     /5]
[INFO] (2026/04/24 03:47:55 PM) [Client 16] loss: 0.0058839153813818965, acc1: 0.9972519025290184
[INFO] (2026/04/24 03:47:55 PM) [CLS] [TXT] ...update client 16...  40% |████████            | [2     /5]
[INFO] (2026/04/24 03:47:58 PM) [Client 21] loss: 0.042333361694210085, acc1: 0.9420197515132208
[INFO] (2026/04/24 03:47:58 PM) [CLS] [TXT] ...update client 21...  60% |████████████        | [3     /5]
[INFO] (2026/04/24 03:48:06 PM) [Client 21] loss: 0.05568806670057846, acc1: 0.9524530105129022
[INFO] (2026/04/24 03:48:06 PM) [CLS] [TXT] ...update client 21...  80% |████████████████    | [4     /5]
[INFO] (2026/04/24 03:48:14 PM) [Client 21] loss: 0.023747006665471172, acc1: 0.9606244026760115
[INFO] (2026/04/24 03:48:14 PM) [CLS] [TXT] ...update client 21... 100% |████████████████████| [5     /5]
[INFO] (2026/04/24 03:48:14 PM) [CLS] [TXT] ...update client 21... 100% |████████████████████| [5     /5]
[INFO] (2026/04/24 03:48:14 PM) [FedIFClient 21] fisher_keys=96
[INFO] (2026/04/24 03:48:15 PM) [IMG+TXT] [IMG+TXT] ...working on client 25... 
[INFO] (2026/04/24 03:48:42 PM) [Client 16] loss: 0.004026342518348761, acc1: 0.9978348322955902
[INFO] (2026/04/24 03:48:42 PM) [CLS] [TXT] ...update client 16...  60% |████████████        | [3     /5]
[INFO] (2026/04/24 03:49:06 PM) [Client 25] loss: 1.9736239939852733
[INFO] (2026/04/24 03:49:06 PM) [IMG+TXT] [IMG+TXT] ...update client 25...  20% |████                | [1     /5]
[INFO] (2026/04/24 03:49:21 PM) [Client 16] loss: 0.0011417227713927376, acc1: 0.9982992543623646
[INFO] (2026/04/24 03:49:21 PM) [CLS] [TXT] ...update client 16...  80% |████████████████    | [4     /5]
[INFO] (2026/04/24 03:49:57 PM) [Client 25] loss: 1.0605558546029326
[INFO] (2026/04/24 03:49:57 PM) [IMG+TXT] [IMG+TXT] ...update client 25...  40% |████████            | [2     /5]
[INFO] (2026/04/24 03:49:59 PM) [Client 16] loss: 0.0022082669167409357, acc1: 0.9984933507571682
[INFO] (2026/04/24 03:49:59 PM) [CLS] [TXT] ...update client 16... 100% |████████████████████| [5     /5]
[INFO] (2026/04/24 03:49:59 PM) [CLS] [TXT] ...update client 16... 100% |████████████████████| [5     /5]
[INFO] (2026/04/24 03:50:00 PM) [FedIFClient 16] fisher_keys=96
[INFO] (2026/04/24 03:50:00 PM) [IMG+TXT] [IMG+TXT] ...working on client 27... 
[INFO] (2026/04/24 03:50:38 PM) [Client 25] loss: 0.7309194613426999
[INFO] (2026/04/24 03:50:38 PM) [IMG+TXT] [IMG+TXT] ...update client 25...  60% |████████████        | [3     /5]
[INFO] (2026/04/24 03:50:42 PM) [Client 27] loss: 1.958498094682771
[INFO] (2026/04/24 03:50:42 PM) [IMG+TXT] [IMG+TXT] ...update client 27...  20% |████                | [1     /5]
[INFO] (2026/04/24 03:51:18 PM) [Client 25] loss: 0.5496668589145272
[INFO] (2026/04/24 03:51:18 PM) [IMG+TXT] [IMG+TXT] ...update client 25...  80% |████████████████    | [4     /5]
[INFO] (2026/04/24 03:51:24 PM) [Client 27] loss: 1.0826357470101458
[INFO] (2026/04/24 03:51:24 PM) [IMG+TXT] [IMG+TXT] ...update client 27...  40% |████████            | [2     /5]
[INFO] (2026/04/24 03:51:58 PM) [Client 25] loss: 0.43009953732840034
[INFO] (2026/04/24 03:51:58 PM) [IMG+TXT] [IMG+TXT] ...update client 25... 100% |████████████████████| [5     /5]
[INFO] (2026/04/24 03:51:58 PM) [IMG+TXT] [IMG+TXT] ...update client 25... 100% |████████████████████| [5     /5]
[INFO] (2026/04/24 03:52:00 PM) [FedIFClient 25] fisher_keys=96
[INFO] (2026/04/24 03:52:05 PM) [Client 27] loss: 0.7469572821865237
[INFO] (2026/04/24 03:52:05 PM) [IMG+TXT] [IMG+TXT] ...update client 27...  60% |████████████        | [3     /5]
